group_a,group_b,names_a,names_b,min_km,shared_tokens
"wb2:ashepoo river, sc","wb2:st. pierre creek, sc","ashepoo river, sc; edisto river, sc","st. pierre creek, sc",2.07,
wb2:lake rotomanuka,wb2:lake ruatuna,lake rotomanuka; serpentine,lake ruatuna,2.15,
"wb2:delaware bay, de","wb2:moore's lake, de","delaware bay, de; murderkill river, de; st. jones river, de","moore's lake, de",2.16,
"wb2:bangs lake, ms","wb2:bayou cassotte, ms","bangs lake, ms; bayou cumbest, ms; bayou heron, ms; crooked bayou, ms; gulf of mexico; middle bay, ms; mississippi sound, ms; n rigolets bayou, ms; point aux chenes bay, ms","bayou cassotte, ms",2.17,
wb2:lake elistvere,wb2:lake raigastvere,lake elistvere; lake kaiavere,lake raigastvere,2.17,
wb2:mcconaughy lake,wb2:ogallala lake,mcconaughy lake,ogallala lake,2.17,
wb2:lake humuhumu,wb2:lake kahuparere,lake humuhumu; lake swan/rotootuaruru,lake kahuparere; lake kanono; lake rotokawau,2.18,
"wb2:bush river, md","wb2:otter point creek, md","bush river, md","otter point creek, md",2.2,
wb2:lake elistvere,wb2:lake soitsjarv,lake elistvere; lake kaiavere,lake soitsjarv,2.23,
wb2:lake ruataniwha,wb2:lake wairepo arm,lake ruataniwha,lake wairepo arm,2.3,
wb2:breukeleveensche- of stille plas,wb2:hilversums kanaal,breukeleveensche- of stille plas; loosdrechtse plassen; loosdrechtse plassen stille plas,hilversums kanaal; lake loosdrecht; loenderveensche plas; loenderveense plas; vecht (breukelen/nieuwersluis); vecht (loenen); vuntus; vuntus jachthaven; waterleidingplas; wijde blik; wijde gat,2.33,
"wb2:bangs lake, ms","wb2:grand bay, ms","bangs lake, ms; bayou cumbest, ms; bayou heron, ms; crooked bayou, ms; gulf of mexico; middle bay, ms; mississippi sound, ms; n rigolets bayou, ms; point aux chenes bay, ms","grand bay, ms",2.42,
"wb2:blackburn bay, fl","wb2:dona bay, fl","blackburn bay, fl","dona bay, fl; intracoastal waterway, fl; lyons bay, fl; roberts bay, fl",2.43,
"wb2:atlantic ocean, va","wb2:st. leonard creek, md","atlantic ocean, va; chesapeake bay, md; patuxent river, md; rhode river, md","st. leonard creek, md",2.61,
wb2:lake loch katrine,wb2:lake sumner,lake loch katrine,lake sumner,2.64,
"wb2:carter lake, ne","wb2:missouri river, ne","carter lake, ne","missouri river, ne",2.72,
wb2:lake saadjarv,wb2:lake soitsjarv,lake saadjarv,lake soitsjarv,2.72,
wb2:ankeveensche plassen,wb2:nightevecht,ankeveensche plassen; spiegel- en blijkpolderplas,nightevecht,2.85,
wb2:lake areare,wb2:lake b,lake areare,lake b; lake d (kainui),2.86,
"wb2:bangs lake, ms","wb2:gulf of mexico, la","bangs lake, ms; bayou cumbest, ms; bayou heron, ms; crooked bayou, ms; gulf of mexico; middle bay, ms; mississippi sound, ms; n rigolets bayou, ms; point aux chenes bay, ms","gulf of mexico, la; northern gulf of mexico",3.0,
"wb2:elizabeth river, va","wb2:knitting mill creek, va","elizabeth river, va","knitting mill creek, va; lafayette river, va",3.12,
"wb2:corpus christi bay, tx","wb2:nueces bay, tx","corpus christi bay, tx","nueces bay, tx",3.2,
wb2:elysian,wb2:francis,elysian,francis,3.21,
wb2:lake hakanoa,wb2:lake waahi,lake hakanoa,lake waahi,3.22,
"wb2:monie bay, md","wb2:wicomico river, md","monie bay, md","wicomico river, md",3.23,
wb2:ankeveensche plassen,wb2:hilversums kanaal,ankeveensche plassen; spiegel- en blijkpolderplas,hilversums kanaal; lake loosdrecht; loenderveensche plas; loenderveense plas; vecht (breukelen/nieuwersluis); vecht (loenen); vuntus; vuntus jachthaven; waterleidingplas; wijde blik; wijde gat,3.33,
wb2:lake kalli,wb2:lake peipsi,lake kalli,lake peipsi,3.34,
"wb2:ashepoo river, sc","wb2:st. helena sound, sc","ashepoo river, sc; edisto river, sc","st. helena sound, sc",3.37,
wb2:amsterdam-rhine canal,wb2:nightevecht,amsterdam-rhine canal; amsterdam-rijn kanaal weesp,nightevecht,3.52,
wb2:amsterdam-rhine canal,wb2:hilversums kanaal,amsterdam-rhine canal; amsterdam-rijn kanaal weesp,hilversums kanaal; lake loosdrecht; loenderveensche plas; loenderveense plas; vecht (breukelen/nieuwersluis); vecht (loenen); vuntus; vuntus jachthaven; waterleidingplas; wijde blik; wijde gat,3.54,kanaal
"wb2:apalachicola bay, fl","wb2:bangs lake, ms","apalachicola bay, fl; apalachicola river, fl; east bay, fl","bangs lake, ms; bayou cumbest, ms; bayou heron, ms; crooked bayou, ms; gulf of mexico; middle bay, ms; mississippi sound, ms; n rigolets bayou, ms; point aux chenes bay, ms",3.55,
"wb2:lake manawa, ia","wb2:missouri river, ne","lake manawa, ia","missouri river, ne",3.61,
wb2:lake okareka,wb2:lake rotokakahi,lake okareka,lake rotokakahi; lake tikitapu,3.76,
wb2:ankeveensche plassen,wb2:naardermeer-spookgat,ankeveensche plassen; spiegel- en blijkpolderplas,naardermeer-spookgat,3.78,
wb2:lake czarne,wb2:lake gebokie,lake czarne,lake gebokie,4.0,
"wb2:doctor's lake, fl","wb2:st. johns river, fl","doctor's lake, fl","st. johns river, fl",4.08,
wb2:lake raigastvere,wb2:lake soitsjarv,lake raigastvere,lake soitsjarv,4.17,
wb2:lake whangape,wb2:rotognaro,lake whangape,rotognaro; rotognaroiti,4.32,
wb2:lake maratoto,wb2:lake rotomanuka,lake maratoto,lake rotomanuka; serpentine,4.38,
wb2:lake mendota,wb2:lake monona,lake mendota,lake monona,4.39,
wb2:lake boruja maa,wb2:lake niezabyszewskie,lake boruja maa,lake niezabyszewskie,4.44,
"wb2:charlotte harbor, fl","wb2:gulf of mexico, fl","charlotte harbor, fl","gulf of mexico, fl; tampa bay, fl",4.47,
wb2:lake maratoto,wb2:lake ruatuna,lake maratoto,lake ruatuna,4.57,
wb2:amsterdam-rhine canal,wb2:ankeveensche plassen,amsterdam-rhine canal; amsterdam-rijn kanaal weesp,ankeveensche plassen; spiegel- en blijkpolderplas,4.59,
wb2:amsterdam-rhine canal,wb2:breukeleveensche- of stille plas,amsterdam-rhine canal; amsterdam-rijn kanaal weesp,breukeleveensche- of stille plas; loosdrechtse plassen; loosdrechtse plassen stille plas,4.62,
wb2:lake karaka,wb2:lake mokeno,lake karaka,lake mokeno,4.65,
"wb2:atlantic ocean, va","wb2:james river, va","atlantic ocean, va; chesapeake bay, md; patuxent river, md; rhode river, md","james river, va",4.68,
wb2:lake elistvere,wb2:lake saadjarv,lake elistvere; lake kaiavere,lake saadjarv,4.71,
wb2:lake rotoehu,wb2:lake rotoma,lake rotoehu,lake rotoma,4.72,
wb2:lake koosa,wb2:lake peipsi,lake koosa,lake peipsi,4.78,
wb2:lake harihari,wb2:lake kai-iwi,lake harihari,lake kai-iwi; lake taharoa; lake waikere,4.83,
wb2:ohinewai,wb2:rotognaro,ohinewai,rotognaro; rotognaroiti,4.86,
wb2:lake monona,wb2:lake waubesa,lake monona,lake waubesa,4.91,
"wb2:delaware bay, de","wb2:fork branch, de","delaware bay, de; murderkill river, de; st. jones river, de","fork branch, de",5.17,
wb2:lake poygan,wb2:lake winneconne,lake poygan,lake winneconne,5.17,
wb2:lake raigastvere,wb2:lake saadjarv,lake raigastvere,lake saadjarv,5.18,
wb2:hilversums kanaal,wb2:nightevecht,hilversums kanaal; lake loosdrecht; loenderveensche plas; loenderveense plas; vecht (breukelen/nieuwersluis); vecht (loenen); vuntus; vuntus jachthaven; waterleidingplas; wijde blik; wijde gat,nightevecht,5.25,
"wb2:aransas bay, tx","wb2:intracoastal waterway, tx","aransas bay, tx; aransas channel, tx; aransas pass, tx; corpus christi ship channel, tx; gulf of mexico, tx; lydia ann channel, tx; redfish bay, tx","intracoastal waterway, tx",5.29,
wb2:mekong river,wb2:south china sea,mekong river,south china sea; south china sea (bornean coast),5.32,
wb2:fox river,wb2:lake michigan,fox river,lake michigan,5.41,
"wb2:combahee river, sc","wb2:st. helena sound, sc","combahee river, sc","st. helena sound, sc",5.45,
wb2:lake chotkowskie,wb2:lake niezabyszewskie,lake chotkowskie,lake niezabyszewskie,5.47,
wb2:lake kaariku,wb2:lake puhajarv,lake kaariku,lake puhajarv,5.53,
wb2:lake murati,wb2:lake ruusmae,lake murati,lake ruusmae,5.53,
wb2:brovales,wb2:valuengo,brovales,valuengo,5.55,
wb2:lake boruja maa,wb2:lake pyszne,lake boruja maa,lake pyszne,5.59,
wb2:hilversums kanaal,wb2:vinkeveenseplas jachthaven,hilversums kanaal; lake loosdrecht; loenderveensche plas; loenderveense plas; vecht (breukelen/nieuwersluis); vecht (loenen); vuntus; vuntus jachthaven; waterleidingplas; wijde blik; wijde gat,vinkeveenseplas jachthaven,5.65,jachthaven
wb2:lake okareka,wb2:lake tarawera,lake okareka,lake tarawera,5.72,
"wb2:derby pond, de","wb2:moore's lake, de","derby pond, de","moore's lake, de",5.74,
"wb2:atlantic ocean, va","wb2:south river, md","atlantic ocean, va; chesapeake bay, md; patuxent river, md; rhode river, md","south river, md",5.76,
"wb2:great pee dee river, sc","wb2:winyah bay, sc","great pee dee river, sc","winyah bay, sc",5.76,
wb2:lake bonney,wb2:wachtels lagoon,lake bonney,wachtels lagoon,5.76,
wb2:amsterdam-rhine canal,wb2:naardermeer-spookgat,amsterdam-rhine canal; amsterdam-rijn kanaal weesp,naardermeer-spookgat,5.82,
"wb2:dona bay, fl","wb2:gulf of mexico, fl","dona bay, fl; intracoastal waterway, fl; lyons bay, fl; roberts bay, fl","gulf of mexico, fl; tampa bay, fl",5.89,
"wb2:altamaha river, ga","wb2:cumberland sound, ga","altamaha river, ga; altamaha sound, ga; atlantic ocean, ga; doboy sound, ga; duplin river, ga; intracoastal waterway, ga; post office creek, ga; sapelo sound, ga; south end ceek, ga; teakettle creek, ga","cumberland sound, ga; st. marys river, ga",5.98,
wb2:lake rotoiti,wb2:lake rotorua,lake rotoiti,lake rotorua,6.13,
wb2:lake okareka,wb2:lake okataina,lake okareka,lake okataina,6.16,
"wb2:delaware bay, de","wb2:derby pond, de","delaware bay, de; murderkill river, de; st. jones river, de","derby pond, de",6.18,
wb2:lake ruatuna,wb2:mangakaware,lake ruatuna,mangakaware,6.27,
wb2:lake loch katrine,wb2:lake sheppard,lake loch katrine,lake sheppard; lake taylor,6.3,
wb2:big saint germain lake,wb2:rainbow flowage,big saint germain lake,rainbow flowage,6.37,
wb2:lake hakanoa,wb2:ohinewai,lake hakanoa,ohinewai,6.37,
wb2:lake niezabyszewskie,wb2:lake pyszne,lake niezabyszewskie,lake pyszne,6.38,
"wb2:black river, sc","wb2:great pee dee river, sc","black river, sc","great pee dee river, sc",6.42,
wb2:lake kegonsa,wb2:lake waubesa,lake kegonsa,lake waubesa,6.48,
"wb2:canoochee river, ga","wb2:osabaw sound, ga","canoochee river, ga; ogeechee river, ga","osabaw sound, ga",6.54,
wb2:naardermeer-spookgat,wb2:nightevecht,naardermeer-spookgat,nightevecht,6.55,
"wb2:fork branch, de","wb2:moore's lake, de","fork branch, de","moore's lake, de",6.57,
wb2:lake vanttausjarvi,wb2:lake vuoskujarvi,lake vanttausjarvi,lake vuoskujarvi,6.57,
wb2:lake humuhumu,wb2:lake mokeno,lake humuhumu; lake swan/rotootuaruru,lake mokeno,6.69,
wb2:amsterdam-rhine canal,wb2:vinkeveenseplas jachthaven,amsterdam-rhine canal; amsterdam-rijn kanaal weesp,vinkeveenseplas jachthaven,6.7,
wb2:lake joksi,wb2:lake kooraste linajarv,lake joksi,lake kooraste linajarv,6.73,
wb2:beaver dam lake,wb2:fox lake,beaver dam lake,fox lake,6.87,
wb2:lake karaka,wb2:lake rototuna,lake karaka,lake rototuna,6.99,
"wb2:blackburn bay, fl","wb2:gulf of mexico, fl","blackburn bay, fl","gulf of mexico, fl; tampa bay, fl",7.07,
wb2:mapourika,wb2:wahapo,mapourika,wahapo,7.14,
"wb2:altamaha river, ga","wb2:mackay river, ga","altamaha river, ga; altamaha sound, ga; atlantic ocean, ga; doboy sound, ga; duplin river, ga; intracoastal waterway, ga; post office creek, ga; sapelo sound, ga; south end ceek, ga; teakettle creek, ga","mackay river, ga",7.21,
"wb2:intracoastal waterway, tx","wb2:san antonio bay, tx","intracoastal waterway, tx","san antonio bay, tx",7.28,
wb2:geist reservoir,wb2:morse reservoir,geist reservoir,morse reservoir,7.34,
wb2:nightevecht,wb2:vinkeveenseplas jachthaven,nightevecht,vinkeveenseplas jachthaven,7.35,
wb2:lake sheppard,wb2:lake sumner,lake sheppard; lake taylor,lake sumner,7.49,
"wb2:ashepoo river, sc","wb2:combahee river, sc","ashepoo river, sc; edisto river, sc","combahee river, sc",7.56,
wb2:lake rotokakahi,wb2:lake tarawera,lake rotokakahi; lake tikitapu,lake tarawera,7.57,
wb2:lake rotokauri,wb2:lake rotoroa (hamilton),lake rotokauri,lake rotoroa (hamilton),7.66,
"wb2:james river, va","wb2:knitting mill creek, va","james river, va","knitting mill creek, va; lafayette river, va",7.67,
wb2:lake kahuparere,wb2:lake mokeno,lake kahuparere; lake kanono; lake rotokawau,lake mokeno,7.68,
wb2:lake rotoehu,wb2:lake rotoiti,lake rotoehu,lake rotoiti,7.7,
wb2:lake waahi,wb2:rotognaro,lake waahi,rotognaro; rotognaroiti,7.75,
wb2:lake okataina,wb2:lake rotoiti,lake okataina,lake rotoiti,7.76,
wb2:hilversums kanaal,wb2:naardermeer-spookgat,hilversums kanaal; lake loosdrecht; loenderveensche plas; loenderveense plas; vecht (breukelen/nieuwersluis); vecht (loenen); vuntus; vuntus jachthaven; waterleidingplas; wijde blik; wijde gat,naardermeer-spookgat,7.88,
wb2:lake karapiro,wb2:te koutu,lake karapiro,te koutu,7.88,
wb2:lake kalli,wb2:lake koosa,lake kalli,lake koosa,7.96,
wb2:lake waikare,wb2:ohinewai,lake waikare,ohinewai,8.02,
wb2:lake okataina,wb2:lake tarawera,lake okataina,lake tarawera,8.06,
wb2:lake nouni,wb2:lake pangodi,lake nouni,lake pangodi,8.12,
wb2:lake waahi,wb2:ohinewai,lake waahi,ohinewai,8.12,
wb2:giribaile,wb2:guadalen,giribaile,guadalen,8.13,
wb2:coniston water,wb2:windermere,coniston water,windermere,8.16,
wb2:amsterdam-rhine canal,wb2:ijmeer durgerdam,amsterdam-rhine canal; amsterdam-rijn kanaal weesp,ijmeer durgerdam; markermeer de hemmelanden,8.22,
wb2:lake humuhumu,wb2:lake karaka,lake humuhumu; lake swan/rotootuaruru,lake karaka,8.3,
wb2:lake boruja maa,wb2:lake chotkowskie,lake boruja maa,lake chotkowskie,8.33,
wb2:lake hino,wb2:lake murati,lake hino,lake murati,8.42,
wb2:lake rotomanuka,wb2:mangakaware,lake rotomanuka; serpentine,mangakaware,8.42,
wb2:moeraki,wb2:paringa,moeraki,paringa,8.54,
wb2:lake hakanoa,wb2:rotognaro,lake hakanoa,rotognaro; rotognaroiti,8.56,
wb2:ankeveensche plassen,wb2:vinkeveenseplas jachthaven,ankeveensche plassen; spiegel- en blijkpolderplas,vinkeveenseplas jachthaven,8.66,
wb2:lake nouni,wb2:lake otepaa valgjarv,lake nouni,lake otepaa valgjarv,8.7,
wb2:lake okaro,wb2:lake rerewhakaaitu,lake okaro,lake rerewhakaaitu,8.88,
wb2:ankeveensche plassen,wb2:breukeleveensche- of stille plas,ankeveensche plassen; spiegel- en blijkpolderplas,breukeleveensche- of stille plas; loosdrechtse plassen; loosdrechtse plassen stille plas,8.92,
wb2:lake maratoto,wb2:mangakaware,lake maratoto,mangakaware,8.96,
"wb2:gulf of mexico, fl","wb2:st. joseph bay, fl","gulf of mexico, fl; tampa bay, fl","st. joseph bay, fl",9.33,
"wb2:carter lake, ne","wb2:lake manawa, ia","carter lake, ne","lake manawa, ia",9.49,
wb2:lake b,wb2:lake rotokauri,lake b; lake d (kainui),lake rotokauri,9.65,
"wb2:st. helena sound, sc","wb2:st. pierre creek, sc","st. helena sound, sc","st. pierre creek, sc",9.65,
wb2:lake lucerne,wb2:lake zug,lake lucerne,lake zug,9.66,
"wb2:pacific ocean, ca",wb2:pinto lake,"pacific ocean, ca",pinto lake,9.71,
wb2:lake waikare,wb2:rotognaro,lake waikare,rotognaro; rotognaroiti,9.81,
wb2:breukeleveensche- of stille plas,wb2:vinkeveenseplas jachthaven,breukeleveensche- of stille plas; loosdrechtse plassen; loosdrechtse plassen stille plas,vinkeveenseplas jachthaven,9.91,
"wb2:bangs lake, ms","wb2:gulf of mexico, fl","bangs lake, ms; bayou cumbest, ms; bayou heron, ms; crooked bayou, ms; gulf of mexico; middle bay, ms; mississippi sound, ms; n rigolets bayou, ms; point aux chenes bay, ms","gulf of mexico, fl; tampa bay, fl",9.97,
wb2:lake nouni,wb2:lake puhajarv,lake nouni,lake puhajarv,9.99,
wb2:lake areare,wb2:lake rotokauri,lake areare,lake rotokauri,10.13,
wb2:lake okataina,wb2:lake rotokakahi,lake okataina,lake rotokakahi; lake tikitapu,10.15,
wb2:lake elistvere,wb2:lake joemoisa,lake elistvere; lake kaiavere,lake joemoisa; lake kaiu,10.18,
"wb2:elizabeth river, va","wb2:james river, va","elizabeth river, va","james river, va",10.2,
wb2:lake whangape,wb2:ohinewai,lake whangape,ohinewai,10.23,
wb2:lake hayes,wb2:lake wakatipu,lake hayes,lake wakatipu,10.28,
wb2:lake maratoto,wb2:lake rotoroa (hamilton),lake maratoto,lake rotoroa (hamilton),10.28,
wb2:lake okaro,wb2:lake tarawera,lake okaro,lake tarawera,10.31,
wb2:lake holstre,wb2:lake viljandi,lake holstre,lake viljandi,10.35,
wb2:lake pangodi,wb2:lake verevi,lake pangodi,lake verevi,10.46,
wb2:lake kahuparere,wb2:lake karaka,lake kahuparere; lake kanono; lake rotokawau,lake karaka,10.48,
"wb2:black river, sc","wb2:waccamaw river, sc","black river, sc","waccamaw river, sc",10.55,
wb2:lake jelen,wb2:lake niezabyszewskie,lake jelen,lake niezabyszewskie,10.56,
wb2:lake hino,wb2:lake ruusmae,lake hino,lake ruusmae,10.6,
wb2:lake mendota,wb2:lake waubesa,lake mendota,lake waubesa,10.65,
wb2:big sand lake,wb2:lac vieux desert,big sand lake,lac vieux desert,10.67,
wb2:lake chippewa,wb2:round lake,lake chippewa,round lake,10.84,
wb2:lake czarne,wb2:lake jelen,lake czarne,lake jelen,10.84,
"wb2:atlantic ocean, va","wb2:knitting mill creek, va","atlantic ocean, va; chesapeake bay, md; patuxent river, md; rhode river, md","knitting mill creek, va; lafayette river, va",10.89,
wb2:breukeleveensche- of stille plas,wb2:nightevecht,breukeleveensche- of stille plas; loosdrechtse plassen; loosdrechtse plassen stille plas,nightevecht,10.89,
"wb2:derby pond, de","wb2:fork branch, de","derby pond, de","fork branch, de",10.91,
wb2:lake jasien ponocny,wb2:lake jelen,lake jasien ponocny; lake jasien poudniowy,lake jelen,10.96,
wb2:lake waahi,wb2:lake whangape,lake waahi,lake whangape,11.06,
wb2:lake rerewhakaaitu,wb2:lake tarawera,lake rerewhakaaitu,lake tarawera,11.12,
wb2:lake ohau,wb2:lake ruataniwha,lake ohau,lake ruataniwha,11.15,
wb2:lake okaro,wb2:lake rotokakahi,lake okaro,lake rotokakahi; lake tikitapu,11.26,
wb2:lake okareka,wb2:lake rotorua,lake okareka,lake rotorua,11.32,
wb2:lake mokeno,wb2:lake rototuna,lake mokeno,lake rototuna,11.34,
"wb2:altamaha river, ga","wb2:wassau sound, ga","altamaha river, ga; altamaha sound, ga; atlantic ocean, ga; doboy sound, ga; duplin river, ga; intracoastal waterway, ga; post office creek, ga; sapelo sound, ga; south end ceek, ga; teakettle creek, ga","wassau sound, ga",11.38,
wb2:lake otepaa valgjarv,wb2:lake puhajarv,lake otepaa valgjarv,lake puhajarv,11.46,
wb2:ijmeer durgerdam,wb2:naardermeer-spookgat,ijmeer durgerdam; markermeer de hemmelanden,naardermeer-spookgat,11.47,
wb2:lake joksi,wb2:lake otepaa valgjarv,lake joksi,lake otepaa valgjarv,11.47,
"wb2:mackay river, ga","wb2:st. simons sound, ga","mackay river, ga","st. simons sound, ga",11.54,
"wb2:carter lake, ne","wb2:cunningham lake, ne","carter lake, ne","cunningham lake, ne",11.57,
wb2:ijmeer durgerdam,wb2:nightevecht,ijmeer durgerdam; markermeer de hemmelanden,nightevecht,11.67,
wb2:lake czarne,wb2:lake jasien ponocny,lake czarne,lake jasien ponocny; lake jasien poudniowy,11.68,
wb2:elysian,wb2:sakatah,elysian,sakatah,11.72,
wb2:lake humuhumu,wb2:lake rototuna,lake humuhumu; lake swan/rotootuaruru,lake rototuna,11.74,
wb2:lake jelen,wb2:lake pyszne,lake jelen,lake pyszne,11.8,
wb2:lake chotkowskie,wb2:lake pyszne,lake chotkowskie,lake pyszne,11.83,
wb2:buendia,wb2:entrepenas,buendia,entrepenas,12.03,
wb2:lake hawea,wb2:lake wanaka,lake hawea,lake wanaka,12.11,
"wb2:black river, sc","wb2:winyah bay, sc","black river, sc","winyah bay, sc",12.12,
wb2:lake rotoiti,wb2:lake rotoma,lake rotoiti,lake rotoma,12.16,
"wb2:osabaw sound, ga","wb2:wassau sound, ga","osabaw sound, ga","wassau sound, ga",12.3,
wb2:lac courte oreilles,wb2:round lake,lac courte oreilles,round lake,12.31,
wb2:lake ohau,wb2:lake wairepo arm,lake ohau,lake wairepo arm,12.31,
wb2:lake chetac,wb2:long lake,lake chetac,long lake,12.35,
wb2:lake joemoisa,wb2:lake raigastvere,lake joemoisa; lake kaiu,lake raigastvere,12.36,
wb2:ankeveensche plassen,wb2:ijmeer durgerdam,ankeveensche plassen; spiegel- en blijkpolderplas,ijmeer durgerdam; markermeer de hemmelanden,12.38,
wb2:lake kegonsa,wb2:lake monona,lake kegonsa,lake monona,12.62,
wb2:shirakaba,wb2:suwa,shirakaba,suwa,12.62,
"wb2:cumberland sound, ga","wb2:satilla river, ga","cumberland sound, ga; st. marys river, ga","satilla river, ga",12.67,
wb2:lake otepaa valgjarv,wb2:lake pangodi,lake otepaa valgjarv,lake pangodi,12.7,
wb2:lake okataina,wb2:lake rotorua,lake okataina,lake rotorua,12.8,
wb2:grevelingen,wb2:haringvliet,grevelingen,haringvliet,12.86,
wb2:lake rotokakahi,wb2:lake rotorua,lake rotokakahi; lake tikitapu,lake rotorua,12.89,
wb2:lake areare,wb2:lake hakanoa,lake areare,lake hakanoa,12.91,
wb2:lake chotkowskie,wb2:lake jelen,lake chotkowskie,lake jelen,12.91,
wb2:lake burley griffin,wb2:lake tuggeranong,lake burley griffin,lake tuggeranong,12.94,
wb2:lake nouni,wb2:lake verevi,lake nouni,lake verevi,13.01,
wb2:lake waikare,wb2:lake whangape,lake waikare,lake whangape,13.11,
wb2:terradets,wb2:tremp,terradets,tremp,13.16,
wb2:lake joemoisa,wb2:lake soitsjarv,lake joemoisa; lake kaiu,lake soitsjarv,13.23,
wb2:lake hakanoa,wb2:lake whangape,lake hakanoa,lake whangape,13.26,
"wb2:carl blackwell lake, ok","wb2:lake perry, ok","carl blackwell lake, ok","lake perry, ok",13.28,
wb2:breukeleveensche- of stille plas,wb2:naardermeer-spookgat,breukeleveensche- of stille plas; loosdrechtse plassen; loosdrechtse plassen stille plas,naardermeer-spookgat,13.3,
wb2:lake okareka,wb2:lake rotoiti,lake okareka,lake rotoiti,13.32,
wb2:atlantic ocean [North America],"wb2:pamlico sound, nc",atlantic ocean,"pamlico sound, nc",13.35,
wb2:lake rouge suurjarv,wb2:lake tamula,lake rouge suurjarv,lake tamula,13.35,
wb2:lake areare,wb2:lake waahi,lake areare,lake waahi,13.4,
wb2:lake b,wb2:lake rotoroa (hamilton),lake b; lake d (kainui),lake rotoroa (hamilton),13.45,
"wb2:neuse river, nc","wb2:pamlico sound, nc","neuse river, nc","pamlico sound, nc",13.51,
"wb2:cunningham lake, ne","wb2:missouri river, ne","cunningham lake, ne","missouri river, ne",13.65,
wb2:lake gebokie,wb2:lake jelen,lake gebokie,lake jelen,13.67,
wb2:lake okataina,wb2:lake rotoehu,lake okataina,lake rotoehu,13.72,
wb2:navalcan,wb2:rosarito,navalcan,rosarito,13.72,
wb2:naardermeer-spookgat,wb2:vinkeveenseplas jachthaven,naardermeer-spookgat,vinkeveenseplas jachthaven,13.76,
wb2:lake kooraste linajarv,wb2:lake otepaa valgjarv,lake kooraste linajarv,lake otepaa valgjarv,13.94,
"wb2:atlantic ocean, va","wb2:elizabeth river, va","atlantic ocean, va; chesapeake bay, md; patuxent river, md; rhode river, md","elizabeth river, va",13.95,
wb2:lake manapouri,wb2:te anau,lake manapouri,te anau,13.96,
wb2:hauroko,wb2:monowai,hauroko,monowai,14.0,
wb2:lake chotkowskie,wb2:lake gebokie,lake chotkowskie,lake gebokie,14.0,
wb2:lac courte oreilles,wb2:lake chippewa,lac courte oreilles,lake chippewa,14.02,
wb2:lake rouge suurjarv,wb2:lake ruusmae,lake rouge suurjarv,lake ruusmae,14.08,
wb2:lake okareka,wb2:lake okaro,lake okareka,lake okaro,14.11,
wb2:francis,wb2:sakatah,francis,sakatah,14.12,
"wb2:altamaha river, ga","wb2:st. andrews sound, ga","altamaha river, ga; altamaha sound, ga; atlantic ocean, ga; doboy sound, ga; duplin river, ga; intracoastal waterway, ga; post office creek, ga; sapelo sound, ga; south end ceek, ga; teakettle creek, ga","st. andrews sound, ga",14.17,
wb2:metonga lake,wb2:pine lake,metonga lake,pine lake,14.18,
wb2:lake rotomanuka,wb2:te koutu,lake rotomanuka; serpentine,te koutu,14.19,
wb2:lake hakanoa,wb2:lake waikare,lake hakanoa,lake waikare,14.27,
wb2:lake kuremaa,wb2:lake raigastvere,lake kuremaa,lake raigastvere,14.31,
"wb2:atlantic ocean, va","wb2:baltimore harbor, md","atlantic ocean, va; chesapeake bay, md; patuxent river, md; rhode river, md","baltimore harbor, md",14.35,
wb2:lake boruja maa,wb2:lake jelen,lake boruja maa,lake jelen,14.37,
wb2:lake rotoroa (hamilton),wb2:lake ruatuna,lake rotoroa (hamilton),lake ruatuna,14.41,
wb2:fence lake,wb2:trout lake,fence lake,trout lake,14.42,
"wb2:canoochee river, ga","wb2:wassau sound, ga","canoochee river, ga; ogeechee river, ga","wassau sound, ga",14.46,
wb2:lake gebokie,wb2:lake rybiec,lake gebokie,lake rybiec,14.48,
wb2:lake kooraste linajarv,wb2:lake puhajarv,lake kooraste linajarv,lake puhajarv,14.52,
wb2:lake maratoto,wb2:te koutu,lake maratoto,te koutu,14.53,
wb2:cannon,wb2:sakatah,cannon,sakatah,14.57,
wb2:lake kahuparere,wb2:lake rototuna,lake kahuparere; lake kanono; lake rotokawau,lake rototuna,14.57,
wb2:lake b,wb2:lake hakanoa,lake b; lake d (kainui),lake hakanoa,14.58,
wb2:lake rotomanuka,wb2:lake rotoroa (hamilton),lake rotomanuka; serpentine,lake rotoroa (hamilton),14.66,
wb2:lake chotkowskie,wb2:lake czarne,lake chotkowskie,lake czarne,14.84,
wb2:cernadilla,wb2:valparaiso,cernadilla,valparaiso,14.85,
"wb2:st. andrews sound, ga","wb2:st. simons sound, ga","st. andrews sound, ga","st. simons sound, ga",14.86,
wb2:lake elistvere,wb2:lake kuremaa,lake elistvere; lake kaiavere,lake kuremaa,14.9,
"wb2:satilla river, ga","wb2:st. andrews sound, ga","satilla river, ga","st. andrews sound, ga",14.97,
"wb2:bayou cassotte, ms","wb2:grand bay, ms","bayou cassotte, ms","grand bay, ms",15.06,
wb2:big saint germain lake,wb2:trout lake,big saint germain lake,trout lake,15.09,
wb2:ullswater,wb2:windermere,ullswater,windermere,15.26,
wb2:lake rotoiti (nelson lake),wb2:rotoroa,lake rotoiti (nelson lake),rotoroa,15.28,
wb2:lake benmore,wb2:lake wairepo arm,lake benmore,lake wairepo arm,15.4,
wb2:lake joemoisa,wb2:lake saadjarv,lake joemoisa; lake kaiu,lake saadjarv,15.58,
wb2:lake kaariku,wb2:lake nouni,lake kaariku,lake nouni,15.58,
wb2:lake b,wb2:lake waahi,lake b; lake d (kainui),lake waahi,15.6,
wb2:lake rotoroa (hamilton),wb2:mangakaware,lake rotoroa (hamilton),mangakaware,15.64,
wb2:lake gebokie,wb2:lake jasien ponocny,lake gebokie,lake jasien ponocny; lake jasien poudniowy,15.67,
wb2:lake okataina,wb2:lake rotoma,lake okataina,lake rotoma,15.68,
wb2:lake areare,wb2:lake rotoroa (hamilton),lake areare,lake rotoroa (hamilton),15.77,
wb2:lake ebsko,wb2:lake gardno,lake ebsko,lake gardno,15.95,
wb2:lake waahi,wb2:lake waikare,lake waahi,lake waikare,15.99,
wb2:big sand lake,wb2:butternut lake,big sand lake,butternut lake,16.04,
wb2:lake ruatuna,wb2:te koutu,lake ruatuna,te koutu,16.29,
wb2:bornos,wb2:guadalcacin,bornos,guadalcacin,16.31,
wb2:lake kaariku,wb2:lake kooraste linajarv,lake kaariku,lake kooraste linajarv,16.43,
wb2:lake obeze,wb2:lake rybiec,lake obeze,lake rybiec,16.47,
wb2:lake czarne,wb2:lake niezabyszewskie,lake czarne,lake niezabyszewskie,16.54,
wb2:lake rotoiti,wb2:lake rotokakahi,lake rotoiti,lake rotokakahi; lake tikitapu,16.57,
"wb2:great pee dee river, sc","wb2:waccamaw river, sc","great pee dee river, sc","waccamaw river, sc",16.63,
"wb2:aransas bay, tx","wb2:corpus christi bay, tx","aransas bay, tx; aransas channel, tx; aransas pass, tx; corpus christi ship channel, tx; gulf of mexico, tx; lydia ann channel, tx; redfish bay, tx","corpus christi bay, tx",16.68,christi corpus
wb2:lake maratoto,wb2:lake rotokauri,lake maratoto,lake rotokauri,16.68,
wb2:amer,wb2:bovenmerwede,amer,bovenmerwede,16.71,
"wb2:altamaha river, ga","wb2:st. simons sound, ga","altamaha river, ga; altamaha sound, ga; atlantic ocean, ga; doboy sound, ga; duplin river, ga; intracoastal waterway, ga; post office creek, ga; sapelo sound, ga; south end ceek, ga; teakettle creek, ga","st. simons sound, ga",16.74,
wb2:hilversums kanaal,wb2:ijmeer durgerdam,hilversums kanaal; lake loosdrecht; loenderveensche plas; loenderveense plas; vecht (breukelen/nieuwersluis); vecht (loenen); vuntus; vuntus jachthaven; waterleidingplas; wijde blik; wijde gat,ijmeer durgerdam; markermeer de hemmelanden,16.77,
wb2:hou lake,wb2:wuhan east lake,hou lake,wuhan east lake,16.84,
"wb2:aransas bay, tx","wb2:san antonio bay, tx","aransas bay, tx; aransas channel, tx; aransas pass, tx; corpus christi ship channel, tx; gulf of mexico, tx; lydia ann channel, tx; redfish bay, tx","san antonio bay, tx",16.93,
wb2:ijmeer durgerdam,wb2:vinkeveenseplas jachthaven,ijmeer durgerdam; markermeer de hemmelanden,vinkeveenseplas jachthaven,16.93,
wb2:lake gebokie,wb2:lake niezabyszewskie,lake gebokie,lake niezabyszewskie,16.97,
wb2:lake rerewhakaaitu,wb2:lake rotokakahi,lake rerewhakaaitu,lake rotokakahi; lake tikitapu,16.98,
wb2:lake joemoisa,wb2:lake kuremaa,lake joemoisa; lake kaiu,lake kuremaa,16.99,
wb2:lake rotoiti,wb2:lake tarawera,lake rotoiti,lake tarawera,17.19,
wb2:hawke bay,wb2:lake tutira,hawke bay,lake tutira; lake waikopiro,17.2,
wb2:lake brunner,wb2:lake haupiri,lake brunner,lake haupiri,17.22,
"wb2:altamaha river, ga","wb2:osabaw sound, ga","altamaha river, ga; altamaha sound, ga; atlantic ocean, ga; doboy sound, ga; duplin river, ga; intracoastal waterway, ga; post office creek, ga; sapelo sound, ga; south end ceek, ga; teakettle creek, ga","osabaw sound, ga",17.25,
wb2:lake joksi,wb2:lake puhajarv,lake joksi,lake puhajarv,17.28,
wb2:lake kaariku,wb2:lake otepaa valgjarv,lake kaariku,lake otepaa valgjarv,17.28,
wb2:lake kahuparere,wb2:lake ototoa,lake kahuparere; lake kanono; lake rotokawau,lake ototoa,17.47,
"wb2:combahee river, sc","wb2:st. pierre creek, sc","combahee river, sc","st. pierre creek, sc",17.49,
wb2:lake benmore,wb2:lake ruataniwha,lake benmore,lake ruataniwha,17.54,
wb2:lake okareka,wb2:lake rerewhakaaitu,lake okareka,lake rerewhakaaitu,17.73,
wb2:lake verevi,wb2:lake vortsjarv,lake verevi,lake vortsjarv,17.85,
wb2:lake rotorua,wb2:lake tarawera,lake rotorua,lake tarawera,17.88,
wb2:francis,wb2:volney,francis,volney,18.09,
wb2:lake pangodi,wb2:lake puhajarv,lake pangodi,lake puhajarv,18.22,
wb2:lake kegonsa,wb2:lake mendota,lake kegonsa,lake mendota,18.38,
wb2:burguillo,wb2:san juan,burguillo,san juan,18.43,
wb2:lake czarne,wb2:lake rybiec,lake czarne,lake rybiec,18.46,
wb2:lake zug,wb2:lake zurich,lake zug,lake zurich,18.49,
wb2:lac courte oreilles,wb2:lake chetac,lac courte oreilles,lake chetac,18.52,
wb2:lake kuremaa,wb2:lake soitsjarv,lake kuremaa,lake soitsjarv,18.55,
wb2:sakatah,wb2:volney,sakatah,volney,18.58,
wb2:lake murati,wb2:lake rouge suurjarv,lake murati,lake rouge suurjarv,18.7,
wb2:lake rotokauri,wb2:mangakaware,lake rotokauri,mangakaware,18.95,
wb2:lake kuremaa,wb2:lake saadjarv,lake kuremaa,lake saadjarv,19.04,
wb2:lake okaro,wb2:lake okataina,lake okaro,lake okataina,19.15,
wb2:elysian,wb2:volney,elysian,volney,19.24,
"wb2:aransas bay, tx","wb2:nueces bay, tx","aransas bay, tx; aransas channel, tx; aransas pass, tx; corpus christi ship channel, tx; gulf of mexico, tx; lydia ann channel, tx; redfish bay, tx","nueces bay, tx",19.25,
wb2:canelles,wb2:terradets,canelles,terradets,19.28,
wb2:lake areare,wb2:ohinewai,lake areare,ohinewai,19.43,
wb2:lake joksi,wb2:lake nouni,lake joksi,lake nouni,19.77,
"wb2:apalachicola bay, fl","wb2:st. joseph bay, fl","apalachicola bay, fl; apalachicola river, fl; east bay, fl","st. joseph bay, fl",19.8,
wb2:lake karapiro,wb2:lake rotomanuka,lake karapiro,lake rotomanuka; serpentine,19.88,
wb2:lake rotoroa (hamilton),wb2:te koutu,lake rotoroa (hamilton),te koutu,19.98,
wb2:lake arapuni,wb2:lake karapiro,lake arapuni,lake karapiro,19.99,
wb2:lake rotokauri,wb2:lake ruatuna,lake rotokauri,lake ruatuna,19.99,
wb2:lake okataina,wb2:lake rerewhakaaitu,lake okataina,lake rerewhakaaitu,20.31,
wb2:lake rotongaio,wb2:lake waikaremoana,lake rotongaio; lake rotonuiaha; lake rotoroa,lake waikaremoana,20.33,
wb2:bassenthwaite lake,wb2:ullswater,bassenthwaite lake,ullswater,20.44,
wb2:lake kooraste linajarv,wb2:lake nouni,lake kooraste linajarv,lake nouni,20.44,
wb2:lac courte oreilles,wb2:long lake,lac courte oreilles,long lake,20.52,
wb2:el atazar,wb2:pinilla,el atazar,pinilla,20.57,
wb2:lake chotkowskie,wb2:lake rybiec,lake chotkowskie,lake rybiec,20.57,
wb2:lake holstre,wb2:lake vortsjarv,lake holstre,lake vortsjarv,20.68,
wb2:lake b,wb2:ohinewai,lake b; lake d (kainui),ohinewai,20.82,
wb2:lake rotokauri,wb2:lake rotomanuka,lake rotokauri,lake rotomanuka; serpentine,20.82,
wb2:lake czarne,wb2:lake pyszne,lake czarne,lake pyszne,20.83,
wb2:lake joksi,wb2:lake kaariku,lake joksi,lake kaariku,20.92,
wb2:lake boruja maa,wb2:lake czarne,lake boruja maa,lake czarne,20.98,
"wb2:atlantic ocean, va","wb2:bush river, md","atlantic ocean, va; chesapeake bay, md; patuxent river, md; rhode river, md","bush river, md",21.03,
wb2:lake otepaa valgjarv,wb2:lake verevi,lake otepaa valgjarv,lake verevi,21.11,
wb2:liangzi lake,wb2:wuhan east lake,liangzi lake,wuhan east lake,21.24,
wb2:lake puhajarv,wb2:lake verevi,lake puhajarv,lake verevi,21.25,
wb2:lake boruja maa,wb2:lake gebokie,lake boruja maa,lake gebokie,21.26,
wb2:lake jasien ponocny,wb2:lake niezabyszewskie,lake jasien ponocny; lake jasien poudniowy,lake niezabyszewskie,21.36,
wb2:metonga lake,wb2:pelican lake,metonga lake,pelican lake,21.41,
wb2:lake rotoma,wb2:lake tarawera,lake rotoma,lake tarawera,21.48,
wb2:lake rotoehu,wb2:lake tarawera,lake rotoehu,lake tarawera,21.52,
wb2:lake areare,wb2:rotognaro,lake areare,rotognaro; rotognaroiti,21.58,
wb2:lake karapiro,wb2:lake maratoto,lake karapiro,lake maratoto,21.58,
wb2:lake koshkonong,wb2:rock lake,lake koshkonong,rock lake,21.7,
"wb2:waccamaw river, sc","wb2:winyah bay, sc","waccamaw river, sc","winyah bay, sc",21.71,
wb2:lake okareka,wb2:lake rotoehu,lake okareka,lake rotoehu,21.74,
wb2:lake juottaan tekojarvi,wb2:lake vuoskujarvi,lake juottaan tekojarvi,lake vuoskujarvi,21.78,
wb2:lake kaariku,wb2:lake vortsjarv,lake kaariku,lake vortsjarv,21.81,
"wb2:cunningham lake, ne","wb2:lake manawa, ia","cunningham lake, ne","lake manawa, ia",21.82,
wb2:lake rototuna,wb2:lake wainui,lake rototuna,lake wainui,21.85,
wb2:rainbow flowage,wb2:trout lake,rainbow flowage,trout lake,21.85,
wb2:lake humuhumu,wb2:lake ototoa,lake humuhumu; lake swan/rotootuaruru,lake ototoa,21.93,
wb2:lake joemoisa,wb2:lake peipsi,lake joemoisa; lake kaiu,lake peipsi,21.96,
wb2:lake gebokie,wb2:lake pyszne,lake gebokie,lake pyszne,22.14,
wb2:lake karapiro,wb2:lake ruatuna,lake karapiro,lake ruatuna,22.3,
wb2:lake joksi,wb2:lake tamula,lake joksi,lake tamula,22.32,
wb2:lake winnebago,wb2:lake winneconne,lake winnebago,lake winneconne,22.35,
wb2:cernadilla,wb2:sanabria,cernadilla,sanabria,22.36,
wb2:coniston water,wb2:ullswater,coniston water,ullswater,22.41,
wb2:breukeleveensche- of stille plas,wb2:ijmeer durgerdam,breukeleveensche- of stille plas; loosdrechtse plassen; loosdrechtse plassen stille plas,ijmeer durgerdam; markermeer de hemmelanden,22.45,
"wb2:altamaha river, ga","wb2:canoochee river, ga","altamaha river, ga; altamaha sound, ga; atlantic ocean, ga; doboy sound, ga; duplin river, ga; intracoastal waterway, ga; post office creek, ga; sapelo sound, ga; south end ceek, ga; teakettle creek, ga","canoochee river, ga; ogeechee river, ga",22.46,
wb2:lake jasien ponocny,wb2:lake pyszne,lake jasien ponocny; lake jasien poudniowy,lake pyszne,22.46,
wb2:big saint germain lake,wb2:fence lake,big saint germain lake,fence lake,22.49,
wb2:mangakaware,wb2:te koutu,mangakaware,te koutu,22.49,
wb2:garda,wb2:mantova,garda,mantova,22.55,
wb2:lake chotkowskie,wb2:lake jasien ponocny,lake chotkowskie,lake jasien ponocny; lake jasien poudniowy,22.55,
wb2:lake eucumbene,wb2:lake jindabyne,lake eucumbene,lake jindabyne,22.8,
wb2:lake kegonsa,wb2:lake koshkonong,lake kegonsa,lake koshkonong,22.8,
wb2:lake ellesmere (te waihora),wb2:lake forsyth (lake wairewa),lake ellesmere (te waihora),lake forsyth (lake wairewa),22.82,
wb2:lake rotokauri,wb2:lake waahi,lake rotokauri,lake waahi,22.88,
wb2:lake hakanoa,wb2:lake rotokauri,lake hakanoa,lake rotokauri,22.95,
wb2:pelican lake,wb2:pine lake,pelican lake,pine lake,23.02,
wb2:lake kooraste linajarv,wb2:lake tamula,lake kooraste linajarv,lake tamula,23.09,
"wb2:atlantic ocean, va","wb2:york river, va","atlantic ocean, va; chesapeake bay, md; patuxent river, md; rhode river, md","york river, va",23.16,
wb2:lake juottaan tekojarvi,wb2:lake siika-kama,lake juottaan tekojarvi,lake siika-kama,23.16,
wb2:lake siika-kama,wb2:lake vuoskujarvi,lake siika-kama,lake vuoskujarvi,23.28,
wb2:lake rotoehu,wb2:lake rotorua,lake rotoehu,lake rotorua,23.33,
wb2:lake okareka,wb2:lake rotoma,lake okareka,lake rotoma,23.36,
wb2:lake b,wb2:rotognaro,lake b; lake d (kainui),rotognaro; rotognaroiti,23.46,
wb2:eagle creek reservoir,wb2:geist reservoir,"eagle creek reservoir; eagle creek reservoir, in",geist reservoir,23.56,
wb2:pinilla,wb2:santillana,pinilla,santillana,23.69,
wb2:lake b,wb2:lake maratoto,lake b; lake d (kainui),lake maratoto,23.71,
wb2:lake kaariku,wb2:lake pangodi,lake kaariku,lake pangodi,23.86,
wb2:lake mokeno,wb2:lake ototoa,lake mokeno,lake ototoa,23.87,
"wb2:blackbird creek, de","wb2:fork branch, de","blackbird creek, de","fork branch, de",23.88,
wb2:lake puhajarv,wb2:lake vortsjarv,lake puhajarv,lake vortsjarv,23.92,
wb2:lake ruusmae,wb2:lake tamula,lake ruusmae,lake tamula,23.95,
wb2:lake joksi,wb2:lake pangodi,lake joksi,lake pangodi,23.98,
wb2:lake nohipalu valgjarv,wb2:lake tamula,lake nohipalu valgjarv,lake tamula,23.99,
wb2:hawke bay,wb2:lake rotongaio,hawke bay,lake rotongaio; lake rotonuiaha; lake rotoroa,24.0,
wb2:lake juottaan tekojarvi,wb2:lake vanttausjarvi,lake juottaan tekojarvi,lake vanttausjarvi,24.0,
"wb2:altamaha river, ga","wb2:satilla river, ga","altamaha river, ga; altamaha sound, ga; atlantic ocean, ga; doboy sound, ga; duplin river, ga; intracoastal waterway, ga; post office creek, ga; sapelo sound, ga; south end ceek, ga; teakettle creek, ga","satilla river, ga",24.04,
wb2:lake nohipalu valgjarv,wb2:lake peipsi,lake nohipalu valgjarv,lake peipsi,24.04,
"wb2:satilla river, ga","wb2:st. simons sound, ga","satilla river, ga","st. simons sound, ga",24.05,
wb2:lake aviemore,wb2:lake benmore,lake aviemore,lake benmore,24.3,
wb2:lake hino,wb2:lake rouge suurjarv,lake hino,lake rouge suurjarv,24.53,
wb2:butternut lake,wb2:pine lake,butternut lake,pine lake,24.58,
wb2:santillana,wb2:valmayor,santillana,valmayor,24.6,
wb2:fox lake,wb2:green lake,fox lake,green lake,24.65,
wb2:butternut lake,wb2:lac vieux desert,butternut lake,lac vieux desert,24.66,
wb2:fence lake,wb2:rainbow flowage,fence lake,rainbow flowage,24.75,
"wb2:james river, va","wb2:york river, va","james river, va","york river, va",24.8,
wb2:lake koorkula valgjarv,wb2:lake vortsjarv,lake koorkula valgjarv; lake udsu,lake vortsjarv,24.93,
wb2:lake ahijarv,wb2:lake rouge suurjarv,lake ahijarv,lake rouge suurjarv,24.94,
wb2:geneva lake,wb2:lake geneva,geneva lake,lake geneva,,geneva
wb2:gulf of tonkin,wb2:long lake,"gulf of tonkin; ha long bay, quang ninh province",long lake,,long
wb2:high rock lake,wb2:rock lake,high rock lake,rock lake,,rock
wb2:lake koorkula valgjarv,wb2:lake nohipalu valgjarv,lake koorkula valgjarv; lake udsu,lake nohipalu valgjarv,,valgjarv
wb2:lake koorkula valgjarv,wb2:lake otepaa valgjarv,lake koorkula valgjarv; lake udsu,lake otepaa valgjarv,,valgjarv
wb2:lake nohipalu valgjarv,wb2:lake otepaa valgjarv,lake nohipalu valgjarv,lake otepaa valgjarv,,valgjarv
wb2:lake rotoiti,wb2:lake rotoiti (nelson lake),lake rotoiti,lake rotoiti (nelson lake),,rotoiti
wb2:lake rotongaio,wb2:lake rotoroa (hamilton),lake rotongaio; lake rotonuiaha; lake rotoroa,lake rotoroa (hamilton),,rotoroa
wb2:lake rotongaio,wb2:rotoroa,lake rotongaio; lake rotonuiaha; lake rotoroa,rotoroa,,rotoroa
wb2:lake rotoroa (hamilton),wb2:rotoroa,lake rotoroa (hamilton),rotoroa,,rotoroa
wb2:rainbow flowage,wb2:spirit river flowage,rainbow flowage,spirit river flowage,,flowage
wb2:south china sea,wb2:south pacific ocean (peruvian coast),south china sea; south china sea (bornean coast),south pacific ocean (peruvian coast),,coast
