target,sensor,population,n_cal_wb_target,method,alpha,label,n_seeds,draws_per_seed,mean_cov,beta_mean,sd_seed_draw0,sd_seed_means,beta_sd,beta_law_applicable,sd_draws_conditional_on_split,inf_rate_mean,mean_width_wb_log10
Chla,hyp,primary,10,cqr_gsub,0.1,exploratory,20,20.0,0.9154839593880322,0.9090909090909094,0.09076902350386191,0.03831541580270626,0.08298826628866154,True,0.07798918431075895,0.0,1.384293919928531
Chla,hyp,primary,10,cqr_pool,0.1,exploratory,20,20.0,0.8909582856255325,0.905328362687744,0.061872511259350754,0.03434180305262371,0.02928405626420082,False,0.051856713197279206,0.0,1.051988548264594
Chla,hyp,primary,10,scp_gsub,0.1,exploratory,20,20.0,0.9121634617334291,0.9090909090909094,0.08569467372168814,0.03268396618486553,0.08298826628866154,True,0.0797566771647975,0.0,1.3689130098510003
Chla,hyp,primary,10,scp_pool,0.1,exploratory,20,20.0,0.882438223715338,0.905328362687744,0.062525748403119,0.04144244977332401,0.02928405626420082,False,0.057870186609110384,0.0,1.0259775137091869
Chla,hyp,primary,15,cqr_gsub,0.1,exploratory,20,20.0,0.9407205831016562,0.9375,0.048720967510064744,0.04024788248754931,0.05870852728923277,True,0.05206522713908883,0.0,1.5895913112721973
Chla,hyp,primary,15,cqr_pool,0.1,exploratory,20,20.0,0.8975069165362303,0.9030170484262529,0.0653660164625699,0.034017955950594786,0.022310706759902828,False,0.045127401218861975,0.0,1.0708190201374626
Chla,hyp,primary,15,scp_gsub,0.1,exploratory,20,20.0,0.9396553655032649,0.9375,0.053540248668413,0.03211085657077249,0.05870852728923277,True,0.05366841835467323,0.0,1.5806837108426615
Chla,hyp,primary,15,scp_pool,0.1,exploratory,20,20.0,0.8891922196265902,0.9030170484262529,0.0548863527839676,0.03722855875789608,0.022310706759902828,False,0.052734565898218774,0.0,1.043880635353318
Chla,hyp,primary,20,cqr_gsub,0.1,exploratory,20,20.0,0.9131098167068874,0.9047619047619048,0.07813922596315116,0.04098603702887166,0.06258368958788293,True,0.052241886018180105,0.0,1.2259523030745634
Chla,hyp,primary,20,cqr_pool,0.1,exploratory,20,20.0,0.897783392949167,0.9020716528607965,0.05988895913965024,0.03732413511190239,0.0187036374604681,False,0.03808811582458558,0.0,1.053100076461452
Chla,hyp,primary,20,scp_gsub,0.1,exploratory,20,20.0,0.9042139548945523,0.9047619047619048,0.0987959097093733,0.0431870221621077,0.06258368958788293,True,0.058525670670055575,0.0,1.2012759829389545
Chla,hyp,primary,20,scp_pool,0.1,exploratory,20,20.0,0.8882311182032232,0.9020716528607965,0.08229047106511417,0.0468482179460955,0.0187036374604681,False,0.04146399620538801,0.0,1.0251234837958796
Chla,hyp,primary,30,cqr_gsub,0.1,exploratory,20,20.0,0.9115760670895936,0.9032258064516127,0.06374813921547016,0.046424213584212115,0.052264037890385986,True,0.044227239770462855,0.0,1.1884179801058032
Chla,hyp,primary,30,cqr_pool,0.1,exploratory,20,20.0,0.9033773459436498,0.9012013475445004,0.04296745441322609,0.033939165613294554,0.014555520338808877,False,0.02711465399934109,0.0,1.0635207772858999
Chla,hyp,primary,30,scp_gsub,0.1,exploratory,20,20.0,0.9071734226187385,0.9032258064516127,0.0829677324438927,0.03888288795015467,0.052264037890385986,True,0.047295188352078577,0.0,1.1790190665668432
Chla,hyp,primary,30,scp_pool,0.1,exploratory,20,20.0,0.8993863341882353,0.9012013475445004,0.04069340312690164,0.03840703109565497,0.014555520338808877,False,0.02646354204611795,0.0,1.052389559313618
Chla,hyp,primary,40,cqr_gsub,0.1,exploratory,20,20.0,0.9055007895124856,0.902439024390244,0.07259312097447324,0.04497390608023855,0.04578490904628808,True,0.04124281644164823,0.0,1.1199452730711041
Chla,hyp,primary,40,cqr_pool,0.1,exploratory,20,20.0,0.8998127122929859,0.9008003360063566,0.040879262433640796,0.03671023826333617,0.012375609122534013,False,0.018026612577463907,0.0,1.0291432497775288
Chla,hyp,primary,40,scp_gsub,0.1,exploratory,20,20.0,0.9008463017648184,0.902439024390244,0.055713787543511605,0.039819677540945536,0.04578490904628808,True,0.036720791727206895,0.0,1.0988087035158336
Chla,hyp,primary,40,scp_pool,0.1,exploratory,20,20.0,0.8960722874614799,0.9008003360063566,0.04308575104952464,0.04030196207054528,0.012375609122534013,False,0.01709608071025048,0.0,1.0300484375265213
Chla,hyp,primary,all,cqr_gsub,0.1,exploratory,20,1.0,0.9164393838235219,0.9041947693446029,0.04767555980536588,0.04767555980536588,0.04035599971597521,True,,0.0,1.150964054539812
Chla,hyp,primary,all,cqr_pool,0.1,exploratory,20,1.0,0.8991014890451456,0.9006264564124535,0.0385223986748743,0.0385223986748743,0.010678757575261388,False,,0.0,1.0202724625279864
Chla,hyp,primary,all,scp_gsub,0.1,exploratory,20,1.0,0.901479544336272,0.9041947693446029,0.0614519520316217,0.0614519520316217,0.04035599971597521,True,,0.0,1.1089535399498593
Chla,hyp,primary,all,scp_pool,0.1,exploratory,20,1.0,0.895499878363039,0.9006264564124535,0.03876951237162798,0.03876951237162798,0.010678757575261388,False,,0.0,1.0251946483640233
Secchi_depth,hyp,primary,10,cqr_gsub,0.1,exploratory,20,20.0,0.9117986090308948,0.9090909090909094,0.09603503144013323,0.03866455850625798,0.08298826628866154,True,0.0727187217878235,0.0,0.967167526866593
Secchi_depth,hyp,primary,10,cqr_pool,0.1,exploratory,20,20.0,0.8921422854844027,0.9070067511330023,0.07240023955524268,0.03469851786502066,0.03453366155165524,False,0.05802924469515387,0.0,0.809746888366756
Secchi_depth,hyp,primary,10,scp_gsub,0.1,exploratory,20,20.0,0.9041403221597493,0.9090909090909094,0.13014383417708955,0.0364146700164048,0.08298826628866154,True,0.08237116561935312,0.0,1.0361395975769643
Secchi_depth,hyp,primary,10,scp_pool,0.1,exploratory,20,20.0,0.880516297777741,0.9070067511330023,0.0940947673940729,0.0406260925760277,0.03453366155165524,False,0.06640812401302261,0.0,0.8837275790054925
Secchi_depth,hyp,primary,15,cqr_gsub,0.1,exploratory,20,20.0,0.933366862593032,0.9375,0.030996287752390064,0.029242709397606908,0.05870852728923277,True,0.05169790136738574,0.0,1.039823873839119
Secchi_depth,hyp,primary,15,cqr_pool,0.1,exploratory,20,20.0,0.8960195754324504,0.9044021403733522,0.08208959637400202,0.03857383084535568,0.027806772936143864,False,0.05121742949935983,0.0,0.8346689424706802
Secchi_depth,hyp,primary,15,scp_gsub,0.1,exploratory,20,20.0,0.9309779001335133,0.9375,0.04332144569715954,0.028805772442691446,0.05870852728923277,True,0.05522674045516838,0.0,1.1444272086039151
Secchi_depth,hyp,primary,15,scp_pool,0.1,exploratory,20,20.0,0.8885096831818821,0.9044021403733522,0.07185235858222651,0.0369024254141217,0.027806772936143864,False,0.05910765340826457,0.0,0.9068249069901694
Secchi_depth,hyp,primary,20,cqr_gsub,0.1,exploratory,20,20.0,0.8982415801704814,0.9047619047619048,0.06981103211300527,0.04203696567506918,0.06258368958788293,True,0.05271071788880942,0.0,0.8010977740091764
Secchi_depth,hyp,primary,20,cqr_pool,0.1,exploratory,20,20.0,0.8950665101338983,0.9029401289194908,0.05392283930793638,0.043404100541218564,0.02352587000181518,False,0.04261526892763945,0.0,0.8081430383360257
Secchi_depth,hyp,primary,20,scp_gsub,0.1,exploratory,20,20.0,0.893231765117464,0.9047619047619048,0.08174455378280922,0.0488487694449993,0.06258368958788293,True,0.058394037275667145,0.0,0.8909327512190544
Secchi_depth,hyp,primary,20,scp_pool,0.1,exploratory,20,20.0,0.8850289184339379,0.9029401289194908,0.061441328022540605,0.043748211601116596,0.02352587000181518,False,0.05306469872170698,0.0,0.8748770705851403
Secchi_depth,hyp,primary,30,cqr_gsub,0.1,exploratory,20,20.0,0.8927699639526505,0.9032258064516127,0.06456255867408439,0.04319488140357052,0.052264037890385986,True,0.045480183143076655,0.0,0.7622799740191428
Secchi_depth,hyp,primary,30,cqr_pool,0.1,exploratory,20,20.0,0.9006194550461648,0.9019486036726398,0.060516438269756966,0.04677206006394503,0.019096155214137635,False,0.03488827556046895,0.0,0.820117655450426
Secchi_depth,hyp,primary,30,scp_gsub,0.1,exploratory,20,20.0,0.8895274645411042,0.9032258064516127,0.073965071363278,0.0481557214862559,0.052264037890385986,True,0.04495388769892862,0.0,0.8469560047425807
Secchi_depth,hyp,primary,30,scp_pool,0.1,exploratory,20,20.0,0.891083048199041,0.9019486036726398,0.07245197389808351,0.04691512852115774,0.019096155214137635,False,0.04197154844186786,0.0,0.8943659457817867
Secchi_depth,hyp,primary,40,cqr_gsub,0.1,exploratory,20,20.0,0.8965816801331661,0.902439024390244,0.05038093682948873,0.039589805740094464,0.04578490904628808,True,0.03264576489991405,0.0,0.7600025526339843
Secchi_depth,hyp,primary,40,cqr_pool,0.1,exploratory,20,20.0,0.9024856882577167,0.9014125740410506,0.05459066289318413,0.046581023548334,0.01616893455355381,False,0.025919073901002832,0.0,0.7941345444324355
Secchi_depth,hyp,primary,40,scp_gsub,0.1,exploratory,20,20.0,0.8911813296044769,0.902439024390244,0.06495804549567828,0.04669784606565206,0.04578490904628808,True,0.04006228763185813,0.0,0.8478063385528138
Secchi_depth,hyp,primary,40,scp_pool,0.1,exploratory,20,20.0,0.8946421753734729,0.9014125740410506,0.05527169314869565,0.05066917345248252,0.01616893455355381,False,0.03066203220485051,0.0,0.8755715035652696
Secchi_depth,hyp,primary,all,cqr_gsub,0.1,exploratory,20,1.0,0.8936695709793977,0.9087264507880178,0.05159388820353683,0.05159388820353683,0.03525349837884405,True,,0.0,0.7485200183470728
Secchi_depth,hyp,primary,all,cqr_pool,0.1,exploratory,20,1.0,0.9061868957539951,0.900743535300481,0.04975890363247845,0.04975890363247845,0.012538127074966043,False,,0.0,0.7835106561340804
Secchi_depth,hyp,primary,all,scp_gsub,0.1,exploratory,20,1.0,0.895251000242912,0.9087264507880178,0.052172301462621626,0.052172301462621626,0.03525349837884405,True,,0.0,0.8398418322931356
Secchi_depth,hyp,primary,all,scp_pool,0.1,exploratory,20,1.0,0.9000831996586293,0.900743535300481,0.0538880843899167,0.0538880843899167,0.012538127074966043,False,,0.0,0.8587597662038631
TSS,hyp,primary,10,cqr_gsub,0.1,exploratory,20,20.0,0.9097617187377421,0.9090909090909094,0.0563058033240471,0.032441562137214094,0.08298826628866154,True,0.07526301849135786,0.0,1.5615229296043516
TSS,hyp,primary,10,cqr_pool,0.1,exploratory,20,20.0,0.8689333474308336,0.9051235309486836,0.08699997055771885,0.03634704900861099,0.029951763513132695,False,0.08069940259595529,0.0,1.3110645950986228
TSS,hyp,primary,10,scp_gsub,0.1,exploratory,20,20.0,0.9112417439118238,0.9090909090909094,0.06811069141276878,0.031841562334216235,0.08298826628866154,True,0.06767571848467849,0.0,1.748397537695952
TSS,hyp,primary,10,scp_pool,0.1,exploratory,20,20.0,0.8670420736034561,0.9051235309486836,0.09804823828189431,0.04074576433571064,0.029951763513132695,False,0.08116528549180645,0.0,1.4535500528692535
TSS,hyp,primary,15,cqr_gsub,0.1,exploratory,20,20.0,0.9314525362131956,0.9375,0.044414914876147724,0.023171004893648945,0.05870852728923277,True,0.0565408472151651,0.0,1.6640050728742137
TSS,hyp,primary,15,cqr_pool,0.1,exploratory,20,20.0,0.8647494325898657,0.9030510556053777,0.07384550180483279,0.04021659473694196,0.023312094953463446,False,0.06711474982080452,0.0,1.2883946468720966
TSS,hyp,primary,15,scp_gsub,0.1,exploratory,20,20.0,0.9320750599272017,0.9375,0.06705437822998266,0.022170296131649333,0.05870852728923277,True,0.057979500021919206,0.0,1.8980601869867146
TSS,hyp,primary,15,scp_pool,0.1,exploratory,20,20.0,0.8648435045425199,0.9030510556053777,0.07450828260486433,0.04075978008299373,0.023312094953463446,False,0.06856202433776985,0.0,1.4137087699629263
TSS,hyp,primary,20,cqr_gsub,0.1,exploratory,20,20.0,0.9037245411168862,0.9047619047619048,0.07978090825218588,0.0310675671623671,0.06258368958788293,True,0.057775128073014534,0.0,1.4238486642605448
TSS,hyp,primary,20,cqr_pool,0.1,exploratory,20,20.0,0.8760415527831924,0.9020802812016877,0.07105786645077326,0.046361944957554135,0.019648805774032,False,0.05506935074143856,0.0,1.3341554978742907
TSS,hyp,primary,20,scp_gsub,0.1,exploratory,20,20.0,0.9026099836261106,0.9047619047619048,0.09276305418944449,0.03180974418101609,0.06258368958788293,True,0.05838462673738927,0.0,1.593972207198537
TSS,hyp,primary,20,scp_pool,0.1,exploratory,20,20.0,0.8775525863133403,0.9020802812016877,0.08505538730380618,0.03980259528937615,0.019648805774032,False,0.06017094305153535,0.0,1.464373243194139
TSS,hyp,primary,30,cqr_gsub,0.1,exploratory,20,20.0,0.9005484073407317,0.9032258064516127,0.04356908293425594,0.0343825430787597,0.052264037890385986,True,0.04197409340148717,0.0,1.3648623739502597
TSS,hyp,primary,30,cqr_pool,0.1,exploratory,20,20.0,0.8797687528059983,0.9013011823942584,0.05145834669256521,0.04145190519553205,0.015614428443359557,False,0.04443989059125078,0.0,1.3076098793284692
TSS,hyp,primary,30,scp_gsub,0.1,exploratory,20,20.0,0.8976725459194096,0.9032258064516127,0.05696842582912307,0.03445949333735263,0.052264037890385986,True,0.04775293771127208,0.0,1.5198218465392659
TSS,hyp,primary,30,scp_pool,0.1,exploratory,20,20.0,0.8786770040708669,0.9013011823942584,0.050054846962561635,0.04083137449756146,0.015614428443359557,False,0.04861697489212784,0.0,1.4397166796132927
TSS,hyp,primary,40,cqr_gsub,0.1,exploratory,20,20.0,0.8992357643080935,0.902439024390244,0.04737522578788818,0.03997096243001202,0.04578490904628808,True,0.0346094998452879,0.0,1.352004540027976
TSS,hyp,primary,40,cqr_pool,0.1,exploratory,20,20.0,0.8830580028957217,0.9008663779060007,0.06107418743125315,0.047337303320099514,0.013089457293542977,False,0.034038355394257466,0.0,1.3157795174245865
TSS,hyp,primary,40,scp_gsub,0.1,exploratory,20,20.0,0.8974959288058866,0.902439024390244,0.05213806763300092,0.0359578240354325,0.04578490904628808,True,0.03683856765882846,0.0,1.5013595393358528
TSS,hyp,primary,40,scp_pool,0.1,exploratory,20,20.0,0.8800513099188659,0.9008663779060007,0.0628063404238414,0.04773010703225017,0.013089457293542977,False,0.03586967503671566,0.0,1.4371982182589322
TSS,hyp,primary,all,cqr_gsub,0.1,exploratory,20,1.0,0.9100973267194101,0.9049657997783989,0.04643160876295565,0.04643160876295565,0.03661859088151111,True,,0.0,1.3784168375433576
TSS,hyp,primary,all,cqr_pool,0.1,exploratory,20,1.0,0.8890679387778926,0.9006255895410344,0.055632832817699755,0.055632832817699755,0.010290743927881664,False,,0.0,1.2943501802785076
TSS,hyp,primary,all,scp_gsub,0.1,exploratory,20,1.0,0.9050010624988285,0.9049657997783989,0.05112100950831264,0.05112100950831264,0.03661859088151111,True,,0.0,1.524007354608271
TSS,hyp,primary,all,scp_pool,0.1,exploratory,20,1.0,0.8831103598189346,0.9006255895410344,0.05770667532344876,0.05770667532344876,0.010290743927881664,False,,0.0,1.44411211335207
aCDOM440,hyp,primary,10,cqr_gsub,0.1,exploratory,20,20.0,0.9154288668167428,0.9090909090909094,0.07752175928147642,0.0413573039200439,0.08298826628866154,True,0.07327817256597703,0.0,1.7817345691655746
aCDOM440,hyp,primary,10,cqr_pool,0.1,exploratory,20,20.0,0.8824546377670434,0.904738873885484,0.07823660617631795,0.03986173202820643,0.027868689624159716,False,0.07656409054634335,0.0,1.4230830162669952
aCDOM440,hyp,primary,10,scp_gsub,0.1,exploratory,20,20.0,0.9194134148692544,0.9090909090909094,0.05119938118269195,0.03384902399564685,0.08298826628866154,True,0.07523403240986763,0.0,2.0294910092800875
aCDOM440,hyp,primary,10,scp_pool,0.1,exploratory,20,20.0,0.8754461465485637,0.904738873885484,0.07791122535235197,0.035805164637425675,0.027868689624159716,False,0.07787299014039453,0.0,1.5251853459044071
aCDOM440,hyp,primary,15,cqr_gsub,0.1,exploratory,20,20.0,0.9426364104768773,0.9375,0.0671467366767941,0.040235312069961046,0.05870852728923277,True,0.04946881867174903,0.0,2.0447972776604346
aCDOM440,hyp,primary,15,cqr_pool,0.1,exploratory,20,20.0,0.8903554957293712,0.9026984789439265,0.07860231112897019,0.0500756482392082,0.021670110548993492,False,0.05814235957129178,0.0,1.4060688073254815
aCDOM440,hyp,primary,15,scp_gsub,0.1,exploratory,20,20.0,0.9526880709881265,0.9375,0.05178464594743723,0.026966013438151575,0.05870852728923277,True,0.0441754537057539,0.0,2.3683968479116775
aCDOM440,hyp,primary,15,scp_pool,0.1,exploratory,20,20.0,0.8802665144570236,0.9026984789439265,0.07502559342753798,0.043997901768859864,0.021670110548993492,False,0.06393106904661035,0.0,1.516909200301057
aCDOM440,hyp,primary,20,cqr_gsub,0.1,exploratory,20,20.0,0.9042996261430243,0.9047619047619048,0.06171359426057556,0.052750241562909944,0.06258368958788293,True,0.05320448903480014,0.0,1.4918747025139698
aCDOM440,hyp,primary,20,cqr_pool,0.1,exploratory,20,20.0,0.8940532477711705,0.9018346524632703,0.07226518043180262,0.05029524787657724,0.01822455558882364,False,0.05670785952985706,0.0,1.4169163063504897
aCDOM440,hyp,primary,20,scp_gsub,0.1,exploratory,20,20.0,0.9080736723268436,0.9047619047619048,0.049031875960965886,0.043128517772831707,0.06258368958788293,True,0.056936115008116586,0.0,1.736962830973879
aCDOM440,hyp,primary,20,scp_pool,0.1,exploratory,20,20.0,0.8854369017277532,0.9018346524632703,0.07037337365466004,0.04706718347042286,0.01822455558882364,False,0.0559596901983576,0.0,1.5247236557871449
aCDOM440,hyp,primary,30,cqr_gsub,0.1,exploratory,20,20.0,0.897761965214198,0.9032258064516127,0.06347775086501693,0.056427880169628485,0.052264037890385986,True,0.04403460962737801,0.0,1.3793729907658172
aCDOM440,hyp,primary,30,cqr_pool,0.1,exploratory,20,20.0,0.9048275437945664,0.9010631686405208,0.07769741314203882,0.0535256571570489,0.01483609201111696,False,0.040342539216933135,0.0,1.4322288026972883
aCDOM440,hyp,primary,30,scp_gsub,0.1,exploratory,20,20.0,0.907292298916732,0.9032258064516127,0.05545407922119461,0.04514788431843058,0.052264037890385986,True,0.04379336222711962,0.0,1.6162383777994407
aCDOM440,hyp,primary,30,scp_pool,0.1,exploratory,20,20.0,0.8929857847395135,0.9010631686405208,0.07395579120511851,0.051419032743908584,0.01483609201111696,False,0.04210042954116359,0.0,1.541001043865142
aCDOM440,hyp,primary,40,cqr_gsub,0.1,exploratory,20,20.0,0.8993652375759769,0.902439024390244,0.0615590083281459,0.058836498534821736,0.04578490904628808,True,0.031984141961144893,0.0,1.3537601647639985
aCDOM440,hyp,primary,40,cqr_pool,0.1,exploratory,20,20.0,0.90965480926646,0.9008596827949014,0.061581139085792096,0.056738856984317174,0.012639476033290622,False,0.023789450745831466,0.0,1.4200751708752661
aCDOM440,hyp,primary,40,scp_gsub,0.1,exploratory,20,20.0,0.9035219972608154,0.902439024390244,0.06062535940445498,0.05032854693140099,0.04578490904628808,True,0.037486685202334495,0.0,1.5780506146881055
aCDOM440,hyp,primary,40,scp_pool,0.1,exploratory,20,20.0,0.8959238530536945,0.9008596827949014,0.062082330048316155,0.0543676000652791,0.012639476033290622,False,0.024519986535368722,0.0,1.5322699314380295
aCDOM440,hyp,primary,all,cqr_gsub,0.1,exploratory,20,1.0,0.8956347644949378,0.903343337334934,0.07139757996189697,0.07139757996189697,0.041284129114116955,True,,0.0,1.3230750606531256
aCDOM440,hyp,primary,all,cqr_pool,0.1,exploratory,20,1.0,0.9126949169960591,0.9009165224158406,0.060774048700635686,0.060774048700635686,0.011285636184654642,False,,0.0,1.414306291508789
aCDOM440,hyp,primary,all,scp_gsub,0.1,exploratory,20,1.0,0.9025894514925399,0.903343337334934,0.05663225248970246,0.05663225248970246,0.041284129114116955,True,,0.0,1.5477543904619582
aCDOM440,hyp,primary,all,scp_pool,0.1,exploratory,20,1.0,0.8955037873836827,0.9009165224158406,0.058542411550994176,0.058542411550994176,0.011285636184654642,False,,0.0,1.5329804995286527
