label,target,order,eval_set,k,score,variant,alpha,n_seeds,mean_cov,sd_cov,mean_n_wb,inf_rate
exploratory,Chla,earliest,common,0,cqr,augment,0.1,20,0.8938212049534398,0.06308683233952884,7.55,0.0
exploratory,Chla,earliest,common,0,cqr,global,0.1,20,0.8938212049534398,0.06308683233952884,7.55,0.0
exploratory,Chla,earliest,common,0,cqr,hybrid,0.1,20,0.8938212049534398,0.06308683233952884,7.55,0.0
exploratory,Chla,earliest,common,0,cqr,local,0.1,20,1.0,0.0,7.55,1.0
exploratory,Chla,earliest,common,0,scp,augment,0.1,20,0.8838729962781511,0.06940573652512247,7.55,0.0
exploratory,Chla,earliest,common,0,scp,global,0.1,20,0.8838729962781511,0.06940573652512247,7.55,0.0
exploratory,Chla,earliest,common,0,scp,hybrid,0.1,20,0.8838729962781511,0.06940573652512247,7.55,0.0
exploratory,Chla,earliest,common,0,scp,local,0.1,20,1.0,0.0,7.55,1.0
exploratory,Chla,earliest,common,1,cqr,augment,0.1,20,0.8959442936384552,0.0622516405772082,7.55,0.0
exploratory,Chla,earliest,common,1,cqr,global,0.1,20,0.8938212049534398,0.06308683233952884,7.55,0.0
exploratory,Chla,earliest,common,1,cqr,hybrid,0.1,20,0.8959442936384552,0.0622516405772082,7.55,0.0
exploratory,Chla,earliest,common,1,cqr,local,0.1,20,1.0,0.0,7.55,1.0
exploratory,Chla,earliest,common,1,scp,augment,0.1,20,0.8849656313444099,0.06969967208375477,7.55,0.0
exploratory,Chla,earliest,common,1,scp,global,0.1,20,0.8838729962781511,0.06940573652512247,7.55,0.0
exploratory,Chla,earliest,common,1,scp,hybrid,0.1,20,0.8849656313444099,0.06969967208375477,7.55,0.0
exploratory,Chla,earliest,common,1,scp,local,0.1,20,1.0,0.0,7.55,1.0
exploratory,Chla,earliest,common,2,cqr,augment,0.1,20,0.8975519219089273,0.060995818794711665,7.55,0.0
exploratory,Chla,earliest,common,2,cqr,global,0.1,20,0.8938212049534398,0.06308683233952884,7.55,0.0
exploratory,Chla,earliest,common,2,cqr,hybrid,0.1,20,0.8975519219089273,0.060995818794711665,7.55,0.0
exploratory,Chla,earliest,common,2,cqr,local,0.1,20,1.0,0.0,7.55,1.0
exploratory,Chla,earliest,common,2,scp,augment,0.1,20,0.8869846548111846,0.06752188482882941,7.55,0.0
exploratory,Chla,earliest,common,2,scp,global,0.1,20,0.8838729962781511,0.06940573652512247,7.55,0.0
exploratory,Chla,earliest,common,2,scp,hybrid,0.1,20,0.8869846548111846,0.06752188482882941,7.55,0.0
exploratory,Chla,earliest,common,2,scp,local,0.1,20,1.0,0.0,7.55,1.0
exploratory,Chla,earliest,common,5,cqr,augment,0.1,20,0.9010173945583617,0.05803084692474253,7.55,0.0
exploratory,Chla,earliest,common,5,cqr,global,0.1,20,0.8938212049534398,0.06308683233952884,7.55,0.0
exploratory,Chla,earliest,common,5,cqr,hybrid,0.1,20,0.9010173945583617,0.05803084692474253,7.55,0.0
exploratory,Chla,earliest,common,5,cqr,local,0.1,20,1.0,0.0,7.55,1.0
exploratory,Chla,earliest,common,5,scp,augment,0.1,20,0.8932464970277604,0.06312836750203364,7.55,0.0
exploratory,Chla,earliest,common,5,scp,global,0.1,20,0.8838729962781511,0.06940573652512247,7.55,0.0
exploratory,Chla,earliest,common,5,scp,hybrid,0.1,20,0.8932464970277604,0.06312836750203364,7.55,0.0
exploratory,Chla,earliest,common,5,scp,local,0.1,20,1.0,0.0,7.55,1.0
exploratory,Chla,earliest,common,10,cqr,augment,0.1,20,0.8877623283962238,0.05774978082675055,7.55,0.0
exploratory,Chla,earliest,common,10,cqr,global,0.1,20,0.8938212049534398,0.06308683233952884,7.55,0.0
exploratory,Chla,earliest,common,10,cqr,hybrid,0.1,20,0.794107214326775,0.072394169161221,7.55,0.0
exploratory,Chla,earliest,common,10,cqr,local,0.1,20,0.794107214326775,0.072394169161221,7.55,0.0
exploratory,Chla,earliest,common,10,scp,augment,0.1,20,0.8858384786771814,0.06298271851207386,7.55,0.0
exploratory,Chla,earliest,common,10,scp,global,0.1,20,0.8838729962781511,0.06940573652512247,7.55,0.0
exploratory,Chla,earliest,common,10,scp,hybrid,0.1,20,0.8144543895001416,0.058324157319788836,7.55,0.0
exploratory,Chla,earliest,common,10,scp,local,0.1,20,0.8144543895001416,0.058324157319788836,7.55,0.0
exploratory,Chla,earliest,common,20,cqr,augment,0.1,20,0.8817818232110859,0.059187296670404066,7.55,0.0
exploratory,Chla,earliest,common,20,cqr,global,0.1,20,0.8938212049534398,0.06308683233952884,7.55,0.0
exploratory,Chla,earliest,common,20,cqr,hybrid,0.1,20,0.8019006494497587,0.07418217285467028,7.55,0.0
exploratory,Chla,earliest,common,20,cqr,local,0.1,20,0.8019006494497587,0.07418217285467028,7.55,0.0
exploratory,Chla,earliest,common,20,scp,augment,0.1,20,0.8822252654542879,0.062048778462655996,7.55,0.0
exploratory,Chla,earliest,common,20,scp,global,0.1,20,0.8838729962781511,0.06940573652512247,7.55,0.0
exploratory,Chla,earliest,common,20,scp,hybrid,0.1,20,0.8261918270146639,0.0628694732077622,7.55,0.0
exploratory,Chla,earliest,common,20,scp,local,0.1,20,0.8261918270146639,0.0628694732077622,7.55,0.0
exploratory,Chla,earliest,per_k,0,cqr,augment,0.1,20,0.9183599082707135,0.04308041970176899,20.9,0.0
exploratory,Chla,earliest,per_k,0,cqr,global,0.1,20,0.9183599082707135,0.04308041970176899,20.9,0.0
exploratory,Chla,earliest,per_k,0,cqr,hybrid,0.1,20,0.9183599082707135,0.04308041970176899,20.9,0.0
exploratory,Chla,earliest,per_k,0,cqr,local,0.1,20,1.0,0.0,20.9,1.0
exploratory,Chla,earliest,per_k,0,scp,augment,0.1,20,0.9054241898751952,0.05009586398707705,20.9,0.0
exploratory,Chla,earliest,per_k,0,scp,global,0.1,20,0.9054241898751952,0.05009586398707705,20.9,0.0
exploratory,Chla,earliest,per_k,0,scp,hybrid,0.1,20,0.9054241898751952,0.05009586398707705,20.9,0.0
exploratory,Chla,earliest,per_k,0,scp,local,0.1,20,1.0,0.0,20.9,1.0
exploratory,Chla,earliest,per_k,1,cqr,augment,0.1,20,0.9193201261672007,0.041756215099171975,20.25,0.0
exploratory,Chla,earliest,per_k,1,cqr,global,0.1,20,0.9171889302997556,0.04349930963840188,20.25,0.0
exploratory,Chla,earliest,per_k,1,cqr,hybrid,0.1,20,0.9193201261672007,0.041756215099171975,20.25,0.0
exploratory,Chla,earliest,per_k,1,cqr,local,0.1,20,1.0,0.0,20.25,1.0
exploratory,Chla,earliest,per_k,1,scp,augment,0.1,20,0.9055213390621338,0.04572457359712251,20.25,0.0
exploratory,Chla,earliest,per_k,1,scp,global,0.1,20,0.9036240749907115,0.04775372162031046,20.25,0.0
exploratory,Chla,earliest,per_k,1,scp,hybrid,0.1,20,0.9055213390621338,0.04572457359712251,20.25,0.0
exploratory,Chla,earliest,per_k,1,scp,local,0.1,20,1.0,0.0,20.25,1.0
exploratory,Chla,earliest,per_k,2,cqr,augment,0.1,20,0.9202799629458518,0.039363009145210986,17.55,0.0
exploratory,Chla,earliest,per_k,2,cqr,global,0.1,20,0.9145497471649404,0.04461402242433445,17.55,0.0
exploratory,Chla,earliest,per_k,2,cqr,hybrid,0.1,20,0.9202799629458518,0.039363009145210986,17.55,0.0
exploratory,Chla,earliest,per_k,2,cqr,local,0.1,20,1.0,0.0,17.55,1.0
exploratory,Chla,earliest,per_k,2,scp,augment,0.1,20,0.906749727009862,0.04833680676163165,17.55,0.0
exploratory,Chla,earliest,per_k,2,scp,global,0.1,20,0.901090731414107,0.052172414037663276,17.55,0.0
exploratory,Chla,earliest,per_k,2,scp,hybrid,0.1,20,0.906749727009862,0.04833680676163165,17.55,0.0
exploratory,Chla,earliest,per_k,2,scp,local,0.1,20,1.0,0.0,17.55,1.0
exploratory,Chla,earliest,per_k,5,cqr,augment,0.1,20,0.9245127685159528,0.036501283222893456,13.95,0.0
exploratory,Chla,earliest,per_k,5,cqr,global,0.1,20,0.9170423950641553,0.04219139622204406,13.95,0.0
exploratory,Chla,earliest,per_k,5,cqr,hybrid,0.1,20,0.9245127685159528,0.036501283222893456,13.95,0.0
exploratory,Chla,earliest,per_k,5,cqr,local,0.1,20,1.0,0.0,13.95,1.0
exploratory,Chla,earliest,per_k,5,scp,augment,0.1,20,0.9128185916726247,0.04368508721320752,13.95,0.0
exploratory,Chla,earliest,per_k,5,scp,global,0.1,20,0.9005369482289769,0.05377340045407618,13.95,0.0
exploratory,Chla,earliest,per_k,5,scp,hybrid,0.1,20,0.9128185916726247,0.04368508721320752,13.95,0.0
exploratory,Chla,earliest,per_k,5,scp,local,0.1,20,1.0,0.0,13.95,1.0
exploratory,Chla,earliest,per_k,10,cqr,augment,0.1,20,0.8994942918072422,0.047693054386893814,11.6,0.0
exploratory,Chla,earliest,per_k,10,cqr,global,0.1,20,0.903129024484767,0.04982186628584223,11.6,0.0
exploratory,Chla,earliest,per_k,10,cqr,hybrid,0.1,20,0.8246050853483112,0.05622766826447875,11.6,0.0
exploratory,Chla,earliest,per_k,10,cqr,local,0.1,20,0.8246050853483112,0.05622766826447875,11.6,0.0
exploratory,Chla,earliest,per_k,10,scp,augment,0.1,20,0.8987616171732562,0.04840049663375684,11.6,0.0
exploratory,Chla,earliest,per_k,10,scp,global,0.1,20,0.8894275955815043,0.060854778322538924,11.6,0.0
exploratory,Chla,earliest,per_k,10,scp,hybrid,0.1,20,0.8428460095723367,0.04360314090846911,11.6,0.0
exploratory,Chla,earliest,per_k,10,scp,local,0.1,20,0.8428460095723367,0.04360314090846911,11.6,0.0
exploratory,Chla,earliest,per_k,20,cqr,augment,0.1,20,0.8817818232110859,0.059187296670404066,7.55,0.0
exploratory,Chla,earliest,per_k,20,cqr,global,0.1,20,0.8938212049534398,0.06308683233952884,7.55,0.0
exploratory,Chla,earliest,per_k,20,cqr,hybrid,0.1,20,0.8019006494497587,0.07418217285467028,7.55,0.0
exploratory,Chla,earliest,per_k,20,cqr,local,0.1,20,0.8019006494497587,0.07418217285467028,7.55,0.0
exploratory,Chla,earliest,per_k,20,scp,augment,0.1,20,0.8822252654542879,0.062048778462655996,7.55,0.0
exploratory,Chla,earliest,per_k,20,scp,global,0.1,20,0.8838729962781511,0.06940573652512247,7.55,0.0
exploratory,Chla,earliest,per_k,20,scp,hybrid,0.1,20,0.8261918270146639,0.0628694732077622,7.55,0.0
exploratory,Chla,earliest,per_k,20,scp,local,0.1,20,0.8261918270146639,0.0628694732077622,7.55,0.0
exploratory,Chla,random,common,0,cqr,augment,0.1,20,0.9094253516461377,0.05614781714039007,7.55,0.0
exploratory,Chla,random,common,0,cqr,global,0.1,20,0.9094253516461377,0.05614781714039007,7.55,0.0
exploratory,Chla,random,common,0,cqr,hybrid,0.1,20,0.9094253516461377,0.05614781714039007,7.55,0.0
exploratory,Chla,random,common,0,cqr,local,0.1,20,1.0,0.0,7.55,1.0
exploratory,Chla,random,common,0,scp,augment,0.1,20,0.9035226400195429,0.05498430850605039,7.55,0.0
exploratory,Chla,random,common,0,scp,global,0.1,20,0.9035226400195429,0.05498430850605039,7.55,0.0
exploratory,Chla,random,common,0,scp,hybrid,0.1,20,0.9035226400195429,0.05498430850605039,7.55,0.0
exploratory,Chla,random,common,0,scp,local,0.1,20,1.0,0.0,7.55,1.0
exploratory,Chla,random,common,1,cqr,augment,0.1,20,0.9102544153219914,0.0559515029507234,7.55,0.0
exploratory,Chla,random,common,1,cqr,global,0.1,20,0.9094253516461377,0.05614781714039007,7.55,0.0
exploratory,Chla,random,common,1,cqr,hybrid,0.1,20,0.9102544153219914,0.0559515029507234,7.55,0.0
exploratory,Chla,random,common,1,cqr,local,0.1,20,1.0,0.0,7.55,1.0
exploratory,Chla,random,common,1,scp,augment,0.1,20,0.9056866034452445,0.05398431218952626,7.55,0.0
exploratory,Chla,random,common,1,scp,global,0.1,20,0.9035226400195429,0.05498430850605039,7.55,0.0
exploratory,Chla,random,common,1,scp,hybrid,0.1,20,0.9056866034452445,0.05398431218952626,7.55,0.0
exploratory,Chla,random,common,1,scp,local,0.1,20,1.0,0.0,7.55,1.0
exploratory,Chla,random,common,2,cqr,augment,0.1,20,0.9110438142927233,0.05554952670198594,7.55,0.0
exploratory,Chla,random,common,2,cqr,global,0.1,20,0.9094253516461377,0.05614781714039007,7.55,0.0
exploratory,Chla,random,common,2,cqr,hybrid,0.1,20,0.9110438142927233,0.05554952670198594,7.55,0.0
exploratory,Chla,random,common,2,cqr,local,0.1,20,1.0,0.0,7.55,1.0
exploratory,Chla,random,common,2,scp,augment,0.1,20,0.9074541239339687,0.05353013542411882,7.55,0.0
exploratory,Chla,random,common,2,scp,global,0.1,20,0.9035226400195429,0.05498430850605039,7.55,0.0
exploratory,Chla,random,common,2,scp,hybrid,0.1,20,0.9074541239339687,0.05353013542411882,7.55,0.0
exploratory,Chla,random,common,2,scp,local,0.1,20,1.0,0.0,7.55,1.0
exploratory,Chla,random,common,5,cqr,augment,0.1,20,0.9212100627234172,0.054796314168508733,7.55,0.0
exploratory,Chla,random,common,5,cqr,global,0.1,20,0.9094253516461377,0.05614781714039007,7.55,0.0
exploratory,Chla,random,common,5,cqr,hybrid,0.1,20,0.9212100627234172,0.054796314168508733,7.55,0.0
exploratory,Chla,random,common,5,cqr,local,0.1,20,1.0,0.0,7.55,1.0
exploratory,Chla,random,common,5,scp,augment,0.1,20,0.9138951035755667,0.050024865391976564,7.55,0.0
exploratory,Chla,random,common,5,scp,global,0.1,20,0.9035226400195429,0.05498430850605039,7.55,0.0
exploratory,Chla,random,common,5,scp,hybrid,0.1,20,0.9138951035755667,0.050024865391976564,7.55,0.0
exploratory,Chla,random,common,5,scp,local,0.1,20,1.0,0.0,7.55,1.0
exploratory,Chla,random,common,10,cqr,augment,0.1,20,0.9092051869473519,0.04856511178490141,7.55,0.0
exploratory,Chla,random,common,10,cqr,global,0.1,20,0.9094253516461377,0.05614781714039007,7.55,0.0
exploratory,Chla,random,common,10,cqr,hybrid,0.1,20,0.895716424356212,0.04584368549932729,7.55,0.0
exploratory,Chla,random,common,10,cqr,local,0.1,20,0.895716424356212,0.04584368549932729,7.55,0.0
exploratory,Chla,random,common,10,scp,augment,0.1,20,0.9115752736901863,0.04881215687127508,7.55,0.0
exploratory,Chla,random,common,10,scp,global,0.1,20,0.9035226400195429,0.05498430850605039,7.55,0.0
exploratory,Chla,random,common,10,scp,hybrid,0.1,20,0.9087897309828744,0.04332528393608519,7.55,0.0
exploratory,Chla,random,common,10,scp,local,0.1,20,0.9087897309828744,0.04332528393608519,7.55,0.0
exploratory,Chla,random,common,20,cqr,augment,0.1,20,0.9146085618813663,0.045493965378995666,7.55,0.0
exploratory,Chla,random,common,20,cqr,global,0.1,20,0.9094253516461377,0.05614781714039007,7.55,0.0
exploratory,Chla,random,common,20,cqr,hybrid,0.1,20,0.9025978885803454,0.03731514819433288,7.55,0.0
exploratory,Chla,random,common,20,cqr,local,0.1,20,0.9025978885803454,0.03731514819433288,7.55,0.0
exploratory,Chla,random,common,20,scp,augment,0.1,20,0.9186844995630722,0.04372515864080221,7.55,0.0
exploratory,Chla,random,common,20,scp,global,0.1,20,0.9035226400195429,0.05498430850605039,7.55,0.0
exploratory,Chla,random,common,20,scp,hybrid,0.1,20,0.8977119451983369,0.03356772819926177,7.55,0.0
exploratory,Chla,random,common,20,scp,local,0.1,20,0.8977119451983369,0.03356772819926177,7.55,0.0
exploratory,Chla,random,per_k,0,cqr,augment,0.1,20,0.9187962588870084,0.0425700166454263,21.05,0.0
exploratory,Chla,random,per_k,0,cqr,global,0.1,20,0.9187962588870084,0.0425700166454263,21.05,0.0
exploratory,Chla,random,per_k,0,cqr,hybrid,0.1,20,0.9187962588870084,0.0425700166454263,21.05,0.0
exploratory,Chla,random,per_k,0,cqr,local,0.1,20,1.0,0.0,21.05,1.0
exploratory,Chla,random,per_k,0,scp,augment,0.1,20,0.9047625050622973,0.050323018032502276,21.05,0.0
exploratory,Chla,random,per_k,0,scp,global,0.1,20,0.9047625050622973,0.050323018032502276,21.05,0.0
exploratory,Chla,random,per_k,0,scp,hybrid,0.1,20,0.9047625050622973,0.050323018032502276,21.05,0.0
exploratory,Chla,random,per_k,0,scp,local,0.1,20,1.0,0.0,21.05,1.0
exploratory,Chla,random,per_k,1,cqr,augment,0.1,20,0.9189744676414324,0.04111903213268401,20.4,0.0
exploratory,Chla,random,per_k,1,cqr,global,0.1,20,0.9161055562845195,0.042989870970073014,20.4,0.0
exploratory,Chla,random,per_k,1,cqr,hybrid,0.1,20,0.9189744676414324,0.04111903213268401,20.4,0.0
exploratory,Chla,random,per_k,1,cqr,local,0.1,20,1.0,0.0,20.4,1.0
exploratory,Chla,random,per_k,1,scp,augment,0.1,20,0.9088411933645762,0.04408835083367336,20.4,0.0
exploratory,Chla,random,per_k,1,scp,global,0.1,20,0.9046131676174755,0.048373070361767155,20.4,0.0
exploratory,Chla,random,per_k,1,scp,hybrid,0.1,20,0.9088411933645762,0.04408835083367336,20.4,0.0
exploratory,Chla,random,per_k,1,scp,local,0.1,20,1.0,0.0,20.4,1.0
exploratory,Chla,random,per_k,2,cqr,augment,0.1,20,0.9183641123513802,0.03718798536222863,17.7,0.0
exploratory,Chla,random,per_k,2,cqr,global,0.1,20,0.9118236732111802,0.041256317718599486,17.7,0.0
exploratory,Chla,random,per_k,2,cqr,hybrid,0.1,20,0.9183641123513802,0.03718798536222863,17.7,0.0
exploratory,Chla,random,per_k,2,cqr,local,0.1,20,1.0,0.0,17.7,1.0
exploratory,Chla,random,per_k,2,scp,augment,0.1,20,0.9062700968526538,0.046213004240563155,17.7,0.0
exploratory,Chla,random,per_k,2,scp,global,0.1,20,0.8999983561756683,0.05236494401740595,17.7,0.0
exploratory,Chla,random,per_k,2,scp,hybrid,0.1,20,0.9062700968526538,0.046213004240563155,17.7,0.0
exploratory,Chla,random,per_k,2,scp,local,0.1,20,1.0,0.0,17.7,1.0
exploratory,Chla,random,per_k,5,cqr,augment,0.1,20,0.9176600416618299,0.037336268046164564,14.1,0.0
exploratory,Chla,random,per_k,5,cqr,global,0.1,20,0.9042109412375069,0.04350169808126554,14.1,0.0
exploratory,Chla,random,per_k,5,cqr,hybrid,0.1,20,0.9176600416618299,0.037336268046164564,14.1,0.0
exploratory,Chla,random,per_k,5,cqr,local,0.1,20,1.0,0.0,14.1,1.0
exploratory,Chla,random,per_k,5,scp,augment,0.1,20,0.9078334997365545,0.038043087077627435,14.1,0.0
exploratory,Chla,random,per_k,5,scp,global,0.1,20,0.890550056807862,0.05302848251312875,14.1,0.0
exploratory,Chla,random,per_k,5,scp,hybrid,0.1,20,0.9078334997365545,0.038043087077627435,14.1,0.0
exploratory,Chla,random,per_k,5,scp,local,0.1,20,1.0,0.0,14.1,1.0
exploratory,Chla,random,per_k,10,cqr,augment,0.1,20,0.9035108097696378,0.0372537121411068,11.75,0.0
exploratory,Chla,random,per_k,10,cqr,global,0.1,20,0.8941071626979207,0.049402922947274955,11.75,0.0
exploratory,Chla,random,per_k,10,cqr,hybrid,0.1,20,0.8986443205563338,0.031338847058785646,11.75,0.0
exploratory,Chla,random,per_k,10,cqr,local,0.1,20,0.8986443205563338,0.031338847058785646,11.75,0.0
exploratory,Chla,random,per_k,10,scp,augment,0.1,20,0.9002053798247003,0.04546547683381438,11.75,0.0
exploratory,Chla,random,per_k,10,scp,global,0.1,20,0.887997057045588,0.05594661826854247,11.75,0.0
exploratory,Chla,random,per_k,10,scp,hybrid,0.1,20,0.9065086618370705,0.02771094816984084,11.75,0.0
exploratory,Chla,random,per_k,10,scp,local,0.1,20,0.9065086618370705,0.02771094816984084,11.75,0.0
exploratory,Chla,random,per_k,20,cqr,augment,0.1,20,0.9146085618813663,0.045493965378995666,7.55,0.0
exploratory,Chla,random,per_k,20,cqr,global,0.1,20,0.9094253516461377,0.05614781714039007,7.55,0.0
exploratory,Chla,random,per_k,20,cqr,hybrid,0.1,20,0.9025978885803454,0.03731514819433288,7.55,0.0
exploratory,Chla,random,per_k,20,cqr,local,0.1,20,0.9025978885803454,0.03731514819433288,7.55,0.0
exploratory,Chla,random,per_k,20,scp,augment,0.1,20,0.9186844995630722,0.04372515864080221,7.55,0.0
exploratory,Chla,random,per_k,20,scp,global,0.1,20,0.9035226400195429,0.05498430850605039,7.55,0.0
exploratory,Chla,random,per_k,20,scp,hybrid,0.1,20,0.8977119451983369,0.03356772819926177,7.55,0.0
exploratory,Chla,random,per_k,20,scp,local,0.1,20,0.8977119451983369,0.03356772819926177,7.55,0.0
exploratory,TSS,earliest,common,0,cqr,augment,0.1,20,0.9211697393892123,0.049695472609548694,7.2,0.0
exploratory,TSS,earliest,common,0,cqr,global,0.1,20,0.9211697393892123,0.049695472609548694,7.2,0.0
exploratory,TSS,earliest,common,0,cqr,hybrid,0.1,20,0.9211697393892123,0.049695472609548694,7.2,0.0
exploratory,TSS,earliest,common,0,cqr,local,0.1,20,1.0,0.0,7.2,1.0
exploratory,TSS,earliest,common,0,scp,augment,0.1,20,0.904375072590485,0.07056279851329866,7.2,0.0
exploratory,TSS,earliest,common,0,scp,global,0.1,20,0.904375072590485,0.07056279851329866,7.2,0.0
exploratory,TSS,earliest,common,0,scp,hybrid,0.1,20,0.904375072590485,0.07056279851329866,7.2,0.0
exploratory,TSS,earliest,common,0,scp,local,0.1,20,1.0,0.0,7.2,1.0
exploratory,TSS,earliest,common,1,cqr,augment,0.1,20,0.9231570989397742,0.047057496832076516,7.2,0.0
exploratory,TSS,earliest,common,1,cqr,global,0.1,20,0.9211697393892123,0.049695472609548694,7.2,0.0
exploratory,TSS,earliest,common,1,cqr,hybrid,0.1,20,0.9231570989397742,0.047057496832076516,7.2,0.0
exploratory,TSS,earliest,common,1,cqr,local,0.1,20,1.0,0.0,7.2,1.0
exploratory,TSS,earliest,common,1,scp,augment,0.1,20,0.906627222177123,0.06752470801946694,7.2,0.0
exploratory,TSS,earliest,common,1,scp,global,0.1,20,0.904375072590485,0.07056279851329866,7.2,0.0
exploratory,TSS,earliest,common,1,scp,hybrid,0.1,20,0.906627222177123,0.06752470801946694,7.2,0.0
exploratory,TSS,earliest,common,1,scp,local,0.1,20,1.0,0.0,7.2,1.0
exploratory,TSS,earliest,common,2,cqr,augment,0.1,20,0.9231570989397742,0.047057496832076516,7.2,0.0
exploratory,TSS,earliest,common,2,cqr,global,0.1,20,0.9211697393892123,0.049695472609548694,7.2,0.0
exploratory,TSS,earliest,common,2,cqr,hybrid,0.1,20,0.9231570989397742,0.047057496832076516,7.2,0.0
exploratory,TSS,earliest,common,2,cqr,local,0.1,20,1.0,0.0,7.2,1.0
exploratory,TSS,earliest,common,2,scp,augment,0.1,20,0.9071754922664088,0.06746947458332295,7.2,0.0
exploratory,TSS,earliest,common,2,scp,global,0.1,20,0.904375072590485,0.07056279851329866,7.2,0.0
exploratory,TSS,earliest,common,2,scp,hybrid,0.1,20,0.9071754922664088,0.06746947458332295,7.2,0.0
exploratory,TSS,earliest,common,2,scp,local,0.1,20,1.0,0.0,7.2,1.0
exploratory,TSS,earliest,common,5,cqr,augment,0.1,20,0.9264411225844364,0.047439521108886135,7.2,0.0
exploratory,TSS,earliest,common,5,cqr,global,0.1,20,0.9211697393892123,0.049695472609548694,7.2,0.0
exploratory,TSS,earliest,common,5,cqr,hybrid,0.1,20,0.9264411225844364,0.047439521108886135,7.2,0.0
exploratory,TSS,earliest,common,5,cqr,local,0.1,20,1.0,0.0,7.2,1.0
exploratory,TSS,earliest,common,5,scp,augment,0.1,20,0.9095758112456751,0.06586522942524616,7.2,0.0
exploratory,TSS,earliest,common,5,scp,global,0.1,20,0.904375072590485,0.07056279851329866,7.2,0.0
exploratory,TSS,earliest,common,5,scp,hybrid,0.1,20,0.9095758112456751,0.06586522942524616,7.2,0.0
exploratory,TSS,earliest,common,5,scp,local,0.1,20,1.0,0.0,7.2,1.0
exploratory,TSS,earliest,common,10,cqr,augment,0.1,20,0.9211250141010142,0.049892126371346185,7.2,0.0
exploratory,TSS,earliest,common,10,cqr,global,0.1,20,0.9211697393892123,0.049695472609548694,7.2,0.0
exploratory,TSS,earliest,common,10,cqr,hybrid,0.1,20,0.8166226534416193,0.07932291390340793,7.2,0.0
exploratory,TSS,earliest,common,10,cqr,local,0.1,20,0.8166226534416193,0.07932291390340793,7.2,0.0
exploratory,TSS,earliest,common,10,scp,augment,0.1,20,0.9076288291627588,0.06448647612646581,7.2,0.0
exploratory,TSS,earliest,common,10,scp,global,0.1,20,0.904375072590485,0.07056279851329866,7.2,0.0
exploratory,TSS,earliest,common,10,scp,hybrid,0.1,20,0.8285789803398995,0.060435507330906316,7.2,0.0
exploratory,TSS,earliest,common,10,scp,local,0.1,20,0.8285789803398995,0.060435507330906316,7.2,0.0
exploratory,TSS,earliest,common,20,cqr,augment,0.1,20,0.9226729498966206,0.04973942300934691,7.2,0.0
exploratory,TSS,earliest,common,20,cqr,global,0.1,20,0.9211697393892123,0.049695472609548694,7.2,0.0
exploratory,TSS,earliest,common,20,cqr,hybrid,0.1,20,0.8553240415774843,0.05933109346962437,7.2,0.0
exploratory,TSS,earliest,common,20,cqr,local,0.1,20,0.8553240415774843,0.05933109346962437,7.2,0.0
exploratory,TSS,earliest,common,20,scp,augment,0.1,20,0.9102145471289601,0.05715904790223658,7.2,0.0
exploratory,TSS,earliest,common,20,scp,global,0.1,20,0.904375072590485,0.07056279851329866,7.2,0.0
exploratory,TSS,earliest,common,20,scp,hybrid,0.1,20,0.8573020553013494,0.05181117049314763,7.2,0.0
exploratory,TSS,earliest,common,20,scp,local,0.1,20,0.8573020553013494,0.05181117049314763,7.2,0.0
exploratory,TSS,earliest,per_k,0,cqr,augment,0.1,20,0.8925374037654864,0.050400403053225955,25.0,0.0
exploratory,TSS,earliest,per_k,0,cqr,global,0.1,20,0.8925374037654864,0.050400403053225955,25.0,0.0
exploratory,TSS,earliest,per_k,0,cqr,hybrid,0.1,20,0.8925374037654864,0.050400403053225955,25.0,0.0
exploratory,TSS,earliest,per_k,0,cqr,local,0.1,20,1.0,0.0,25.0,1.0
exploratory,TSS,earliest,per_k,0,scp,augment,0.1,20,0.8886506445971294,0.06669330659605009,25.0,0.0
exploratory,TSS,earliest,per_k,0,scp,global,0.1,20,0.8886506445971294,0.06669330659605009,25.0,0.0
exploratory,TSS,earliest,per_k,0,scp,hybrid,0.1,20,0.8886506445971294,0.06669330659605009,25.0,0.0
exploratory,TSS,earliest,per_k,0,scp,local,0.1,20,1.0,0.0,25.0,1.0
exploratory,TSS,earliest,per_k,1,cqr,augment,0.1,20,0.9076723197496056,0.042208146852914005,22.25,0.0
exploratory,TSS,earliest,per_k,1,cqr,global,0.1,20,0.9038323298335245,0.046808413157455674,22.25,0.0
exploratory,TSS,earliest,per_k,1,cqr,hybrid,0.1,20,0.9076723197496056,0.042208146852914005,22.25,0.0
exploratory,TSS,earliest,per_k,1,cqr,local,0.1,20,1.0,0.0,22.25,1.0
exploratory,TSS,earliest,per_k,1,scp,augment,0.1,20,0.9048619058538561,0.05733172345030859,22.25,0.0
exploratory,TSS,earliest,per_k,1,scp,global,0.1,20,0.900271345904609,0.06268737124256803,22.25,0.0
exploratory,TSS,earliest,per_k,1,scp,hybrid,0.1,20,0.9048619058538561,0.05733172345030859,22.25,0.0
exploratory,TSS,earliest,per_k,1,scp,local,0.1,20,1.0,0.0,22.25,1.0
exploratory,TSS,earliest,per_k,2,cqr,augment,0.1,20,0.9146312553581317,0.04202349277826975,18.6,0.0
exploratory,TSS,earliest,per_k,2,cqr,global,0.1,20,0.9124234663414086,0.04380237720570737,18.6,0.0
exploratory,TSS,earliest,per_k,2,cqr,hybrid,0.1,20,0.9146312553581317,0.04202349277826975,18.6,0.0
exploratory,TSS,earliest,per_k,2,cqr,local,0.1,20,1.0,0.0,18.6,1.0
exploratory,TSS,earliest,per_k,2,scp,augment,0.1,20,0.9167479097202271,0.055336135870103734,18.6,0.0
exploratory,TSS,earliest,per_k,2,scp,global,0.1,20,0.9117754644440262,0.06105594777434762,18.6,0.0
exploratory,TSS,earliest,per_k,2,scp,hybrid,0.1,20,0.9167479097202271,0.055336135870103734,18.6,0.0
exploratory,TSS,earliest,per_k,2,scp,local,0.1,20,1.0,0.0,18.6,1.0
exploratory,TSS,earliest,per_k,5,cqr,augment,0.1,20,0.9391766441937689,0.025854181303105756,15.5,0.0
exploratory,TSS,earliest,per_k,5,cqr,global,0.1,20,0.9331064163070837,0.03315867390928382,15.5,0.0
exploratory,TSS,earliest,per_k,5,cqr,hybrid,0.1,20,0.9391766441937689,0.025854181303105756,15.5,0.0
exploratory,TSS,earliest,per_k,5,cqr,local,0.1,20,1.0,0.0,15.5,1.0
exploratory,TSS,earliest,per_k,5,scp,augment,0.1,20,0.9272838505565659,0.04101542070354849,15.5,0.0
exploratory,TSS,earliest,per_k,5,scp,global,0.1,20,0.9171350867253176,0.054044311858987074,15.5,0.0
exploratory,TSS,earliest,per_k,5,scp,hybrid,0.1,20,0.9272838505565659,0.04101542070354849,15.5,0.0
exploratory,TSS,earliest,per_k,5,scp,local,0.1,20,1.0,0.0,15.5,1.0
exploratory,TSS,earliest,per_k,10,cqr,augment,0.1,20,0.9267973138875505,0.037204012834211375,10.75,0.0
exploratory,TSS,earliest,per_k,10,cqr,global,0.1,20,0.9236589382816062,0.04183995848401523,10.75,0.0
exploratory,TSS,earliest,per_k,10,cqr,hybrid,0.1,20,0.8446170112120874,0.04854159745235351,10.75,0.0
exploratory,TSS,earliest,per_k,10,cqr,local,0.1,20,0.8446170112120874,0.04854159745235351,10.75,0.0
exploratory,TSS,earliest,per_k,10,scp,augment,0.1,20,0.9115745095240027,0.05687918548640396,10.75,0.0
exploratory,TSS,earliest,per_k,10,scp,global,0.1,20,0.909619401601999,0.064013978971916,10.75,0.0
exploratory,TSS,earliest,per_k,10,scp,hybrid,0.1,20,0.8467198069163088,0.05246249615343914,10.75,0.0
exploratory,TSS,earliest,per_k,10,scp,local,0.1,20,0.8467198069163088,0.05246249615343914,10.75,0.0
exploratory,TSS,earliest,per_k,20,cqr,augment,0.1,20,0.9226729498966206,0.04973942300934691,7.2,0.0
exploratory,TSS,earliest,per_k,20,cqr,global,0.1,20,0.9211697393892123,0.049695472609548694,7.2,0.0
exploratory,TSS,earliest,per_k,20,cqr,hybrid,0.1,20,0.8553240415774843,0.05933109346962437,7.2,0.0
exploratory,TSS,earliest,per_k,20,cqr,local,0.1,20,0.8553240415774843,0.05933109346962437,7.2,0.0
exploratory,TSS,earliest,per_k,20,scp,augment,0.1,20,0.9102145471289601,0.05715904790223658,7.2,0.0
exploratory,TSS,earliest,per_k,20,scp,global,0.1,20,0.904375072590485,0.07056279851329866,7.2,0.0
exploratory,TSS,earliest,per_k,20,scp,hybrid,0.1,20,0.8573020553013494,0.05181117049314763,7.2,0.0
exploratory,TSS,earliest,per_k,20,scp,local,0.1,20,0.8573020553013494,0.05181117049314763,7.2,0.0
exploratory,TSS,random,common,0,cqr,augment,0.1,20,0.9184120034108003,0.04324643064565128,7.2,0.0
exploratory,TSS,random,common,0,cqr,global,0.1,20,0.9184120034108003,0.04324643064565128,7.2,0.0
exploratory,TSS,random,common,0,cqr,hybrid,0.1,20,0.9184120034108003,0.04324643064565128,7.2,0.0
exploratory,TSS,random,common,0,cqr,local,0.1,20,1.0,0.0,7.2,1.0
exploratory,TSS,random,common,0,scp,augment,0.1,20,0.9082889140923311,0.07117219668042234,7.2,0.0
exploratory,TSS,random,common,0,scp,global,0.1,20,0.9082889140923311,0.07117219668042234,7.2,0.0
exploratory,TSS,random,common,0,scp,hybrid,0.1,20,0.9082889140923311,0.07117219668042234,7.2,0.0
exploratory,TSS,random,common,0,scp,local,0.1,20,1.0,0.0,7.2,1.0
exploratory,TSS,random,common,1,cqr,augment,0.1,20,0.9211170490035328,0.040389401300530044,7.2,0.0
exploratory,TSS,random,common,1,cqr,global,0.1,20,0.9184120034108003,0.04324643064565128,7.2,0.0
exploratory,TSS,random,common,1,cqr,hybrid,0.1,20,0.9211170490035328,0.040389401300530044,7.2,0.0
exploratory,TSS,random,common,1,cqr,local,0.1,20,1.0,0.0,7.2,1.0
exploratory,TSS,random,common,1,scp,augment,0.1,20,0.9086910969106832,0.07068499047499338,7.2,0.0
exploratory,TSS,random,common,1,scp,global,0.1,20,0.9082889140923311,0.07117219668042234,7.2,0.0
exploratory,TSS,random,common,1,scp,hybrid,0.1,20,0.9086910969106832,0.07068499047499338,7.2,0.0
exploratory,TSS,random,common,1,scp,local,0.1,20,1.0,0.0,7.2,1.0
exploratory,TSS,random,common,2,cqr,augment,0.1,20,0.921925138878373,0.03997381525555317,7.2,0.0
exploratory,TSS,random,common,2,cqr,global,0.1,20,0.9184120034108003,0.04324643064565128,7.2,0.0
exploratory,TSS,random,common,2,cqr,hybrid,0.1,20,0.921925138878373,0.03997381525555317,7.2,0.0
exploratory,TSS,random,common,2,cqr,local,0.1,20,1.0,0.0,7.2,1.0
exploratory,TSS,random,common,2,scp,augment,0.1,20,0.9145305897316712,0.06430096337909191,7.2,0.0
exploratory,TSS,random,common,2,scp,global,0.1,20,0.9082889140923311,0.07117219668042234,7.2,0.0
exploratory,TSS,random,common,2,scp,hybrid,0.1,20,0.9145305897316712,0.06430096337909191,7.2,0.0
exploratory,TSS,random,common,2,scp,local,0.1,20,1.0,0.0,7.2,1.0
exploratory,TSS,random,common,5,cqr,augment,0.1,20,0.9269121793454482,0.0386434472573415,7.2,0.0
exploratory,TSS,random,common,5,cqr,global,0.1,20,0.9184120034108003,0.04324643064565128,7.2,0.0
exploratory,TSS,random,common,5,cqr,hybrid,0.1,20,0.9269121793454482,0.0386434472573415,7.2,0.0
exploratory,TSS,random,common,5,cqr,local,0.1,20,1.0,0.0,7.2,1.0
exploratory,TSS,random,common,5,scp,augment,0.1,20,0.9223867472674538,0.06149492853744556,7.2,0.0
exploratory,TSS,random,common,5,scp,global,0.1,20,0.9082889140923311,0.07117219668042234,7.2,0.0
exploratory,TSS,random,common,5,scp,hybrid,0.1,20,0.9223867472674538,0.06149492853744556,7.2,0.0
exploratory,TSS,random,common,5,scp,local,0.1,20,1.0,0.0,7.2,1.0
exploratory,TSS,random,common,10,cqr,augment,0.1,20,0.924165959352416,0.036150283804608926,7.2,0.0
exploratory,TSS,random,common,10,cqr,global,0.1,20,0.9184120034108003,0.04324643064565128,7.2,0.0
exploratory,TSS,random,common,10,cqr,hybrid,0.1,20,0.9311905581490938,0.024658023463823,7.2,0.0
exploratory,TSS,random,common,10,cqr,local,0.1,20,0.9311905581490938,0.024658023463823,7.2,0.0
exploratory,TSS,random,common,10,scp,augment,0.1,20,0.9175646682482181,0.056425284939581315,7.2,0.0
exploratory,TSS,random,common,10,scp,global,0.1,20,0.9082889140923311,0.07117219668042234,7.2,0.0
exploratory,TSS,random,common,10,scp,hybrid,0.1,20,0.9217568394864507,0.027042022285312307,7.2,0.0
exploratory,TSS,random,common,10,scp,local,0.1,20,0.9217568394864507,0.027042022285312307,7.2,0.0
exploratory,TSS,random,common,20,cqr,augment,0.1,20,0.9275661965236027,0.0327875561843218,7.2,0.0
exploratory,TSS,random,common,20,cqr,global,0.1,20,0.9184120034108003,0.04324643064565128,7.2,0.0
exploratory,TSS,random,common,20,cqr,hybrid,0.1,20,0.9165002555168223,0.022473585077463273,7.2,0.0
exploratory,TSS,random,common,20,cqr,local,0.1,20,0.9165002555168223,0.022473585077463273,7.2,0.0
exploratory,TSS,random,common,20,scp,augment,0.1,20,0.9228279501641736,0.05086815452264674,7.2,0.0
exploratory,TSS,random,common,20,scp,global,0.1,20,0.9082889140923311,0.07117219668042234,7.2,0.0
exploratory,TSS,random,common,20,scp,hybrid,0.1,20,0.9152307395449559,0.026003841517696174,7.2,0.0
exploratory,TSS,random,common,20,scp,local,0.1,20,0.9152307395449559,0.026003841517696174,7.2,0.0
exploratory,TSS,random,per_k,0,cqr,augment,0.1,20,0.8925378321830344,0.05040021956587157,25.0,0.0
exploratory,TSS,random,per_k,0,cqr,global,0.1,20,0.8925378321830344,0.05040021956587157,25.0,0.0
exploratory,TSS,random,per_k,0,cqr,hybrid,0.1,20,0.8925378321830344,0.05040021956587157,25.0,0.0
exploratory,TSS,random,per_k,0,cqr,local,0.1,20,1.0,0.0,25.0,1.0
exploratory,TSS,random,per_k,0,scp,augment,0.1,20,0.8886508282046501,0.06669329238244222,25.0,0.0
exploratory,TSS,random,per_k,0,scp,global,0.1,20,0.8886508282046501,0.06669329238244222,25.0,0.0
exploratory,TSS,random,per_k,0,scp,hybrid,0.1,20,0.8886508282046501,0.06669329238244222,25.0,0.0
exploratory,TSS,random,per_k,0,scp,local,0.1,20,1.0,0.0,25.0,1.0
exploratory,TSS,random,per_k,1,cqr,augment,0.1,20,0.9088169316389487,0.038875950538858256,22.25,0.0
exploratory,TSS,random,per_k,1,cqr,global,0.1,20,0.9051446217329777,0.04430035419478098,22.25,0.0
exploratory,TSS,random,per_k,1,cqr,hybrid,0.1,20,0.9088169316389487,0.038875950538858256,22.25,0.0
exploratory,TSS,random,per_k,1,cqr,local,0.1,20,1.0,0.0,22.25,1.0
exploratory,TSS,random,per_k,1,scp,augment,0.1,20,0.9032315093582433,0.06155240456696117,22.25,0.0
exploratory,TSS,random,per_k,1,scp,global,0.1,20,0.9001705436901046,0.06391031127219488,22.25,0.0
exploratory,TSS,random,per_k,1,scp,hybrid,0.1,20,0.9032315093582433,0.06155240456696117,22.25,0.0
exploratory,TSS,random,per_k,1,scp,local,0.1,20,1.0,0.0,22.25,1.0
exploratory,TSS,random,per_k,2,cqr,augment,0.1,20,0.9149624499638813,0.03984317097832779,18.6,0.0
exploratory,TSS,random,per_k,2,cqr,global,0.1,20,0.912107288334739,0.04243174309842064,18.6,0.0
exploratory,TSS,random,per_k,2,cqr,hybrid,0.1,20,0.9149624499638813,0.03984317097832779,18.6,0.0
exploratory,TSS,random,per_k,2,cqr,local,0.1,20,1.0,0.0,18.6,1.0
exploratory,TSS,random,per_k,2,scp,augment,0.1,20,0.9147379709485854,0.0592623000532418,18.6,0.0
exploratory,TSS,random,per_k,2,scp,global,0.1,20,0.9102594013560964,0.06394332434385037,18.6,0.0
exploratory,TSS,random,per_k,2,scp,hybrid,0.1,20,0.9147379709485854,0.0592623000532418,18.6,0.0
exploratory,TSS,random,per_k,2,scp,local,0.1,20,1.0,0.0,18.6,1.0
exploratory,TSS,random,per_k,5,cqr,augment,0.1,20,0.9452721172507536,0.02400664632197289,15.5,0.0
exploratory,TSS,random,per_k,5,cqr,global,0.1,20,0.9381739087223915,0.03036030183155341,15.5,0.0
exploratory,TSS,random,per_k,5,cqr,hybrid,0.1,20,0.9452721172507536,0.02400664632197289,15.5,0.0
exploratory,TSS,random,per_k,5,cqr,local,0.1,20,1.0,0.0,15.5,1.0
exploratory,TSS,random,per_k,5,scp,augment,0.1,20,0.9413982570060353,0.04134212841390303,15.5,0.0
exploratory,TSS,random,per_k,5,scp,global,0.1,20,0.9270565811571541,0.053576465616103894,15.5,0.0
exploratory,TSS,random,per_k,5,scp,hybrid,0.1,20,0.9413982570060353,0.04134212841390303,15.5,0.0
exploratory,TSS,random,per_k,5,scp,local,0.1,20,1.0,0.0,15.5,1.0
exploratory,TSS,random,per_k,10,cqr,augment,0.1,20,0.9322562693622493,0.0327414282201499,10.75,0.0
exploratory,TSS,random,per_k,10,cqr,global,0.1,20,0.9254641602231519,0.040973460403774434,10.75,0.0
exploratory,TSS,random,per_k,10,cqr,hybrid,0.1,20,0.9223454203088958,0.02659457068793132,10.75,0.0
exploratory,TSS,random,per_k,10,cqr,local,0.1,20,0.9223454203088958,0.02659457068793132,10.75,0.0
exploratory,TSS,random,per_k,10,scp,augment,0.1,20,0.9268379246049696,0.049021661762328125,10.75,0.0
exploratory,TSS,random,per_k,10,scp,global,0.1,20,0.9183606229369163,0.06304487463366959,10.75,0.0
exploratory,TSS,random,per_k,10,scp,hybrid,0.1,20,0.9054985378318188,0.032117237645375336,10.75,0.0
exploratory,TSS,random,per_k,10,scp,local,0.1,20,0.9054985378318188,0.032117237645375336,10.75,0.0
exploratory,TSS,random,per_k,20,cqr,augment,0.1,20,0.9275661965236027,0.0327875561843218,7.2,0.0
exploratory,TSS,random,per_k,20,cqr,global,0.1,20,0.9184120034108003,0.04324643064565128,7.2,0.0
exploratory,TSS,random,per_k,20,cqr,hybrid,0.1,20,0.9165002555168223,0.022473585077463273,7.2,0.0
exploratory,TSS,random,per_k,20,cqr,local,0.1,20,0.9165002555168223,0.022473585077463273,7.2,0.0
exploratory,TSS,random,per_k,20,scp,augment,0.1,20,0.9228279501641736,0.05086815452264674,7.2,0.0
exploratory,TSS,random,per_k,20,scp,global,0.1,20,0.9082889140923311,0.07117219668042234,7.2,0.0
exploratory,TSS,random,per_k,20,scp,hybrid,0.1,20,0.9152307395449559,0.026003841517696174,7.2,0.0
exploratory,TSS,random,per_k,20,scp,local,0.1,20,0.9152307395449559,0.026003841517696174,7.2,0.0
